1,2,4,2,0,11,1,5,0,0,5,1,4,3,3,1,1,2,1,0,0,4,1,2,6,0,0,3,0,1,0,1,1,1,0,1,1,0,2,0,7,5,2,2,2,6,2,1,4,0,7,2,2,0,1,5,0,0,0,0,0,0,1,0,0,0,0,5,0,0,5,2,5,3,3,2,0,2,0,4,4,0,1,0,0,1,0,2,0,1,1,1,0,1,0,3
1,2,4,2,0,11,1,5,0,0,4,1,4,3,3,1,1,2,1,0,0,4,1,2,6,0,0,3,0,1,0,1,1,1,0,1,1,0,2,0,6,5,2,2,2,4,2,1,4,0,7,2,2,0,1,5,0,0,0,0,0,0,1,0,0,0,0,5,0,0,5,2,5,3,3,2,0,2,0,4,4,0,1,0,0,1,0,2,0,1,1,1,0,1,0,3
1,2,4,2,0,11,1,5,0,0,4,1,4,3,3,1,1,2,1,0,0,4,1,2,6,0,0,3,0,1,0,1,1,1,0,1,1,0,2,0,6,5,2,2,2,3,2,1,3,0,7,2,2,0,1,5,0,0,0,0,0,0,1,0,0,0,0,5,0,0,5,2,5,3,3,2,0,2,0,4,4,0,1,0,0,1,0,2,0,1,1,1,0,1,0,3
1,2,4,2,0,11,1,5,0,0,4,1,4,3,3,1,1,2,1,0,0,4,1,2,6,0,0,3,0,1,0,1,1,1,0,1,1,0,2,0,6,5,2,2,2,3,2,1,3,0,7,2,2,0,1,5,0,0,0,0,0,0,1,0,0,0,0,5,0,0,5,2,5,3,3,2,0,2,0,4,4,0,1,0,0,1,0,2,0,1,1,1,0,1,0,3
1,2,4,2,0,11,1,5,0,0,4,1,4,3,3,1,1,2,1,0,0,4,1,3,6,0,0,3,0,1,0,1,1,1,0,1,1,0,2,0,6,5,2,2,2,2,2,1,3,0,6,2,2,0,1,6,0,0,0,0,0,0,1,0,0,0,0,5,0,0,5,2,5,3,3,2,0,2,0,4,4,0,1,0,0,1,0,2,0,1,1,1,0,1,0,3
1,2,4,2,0,12,1,5,0,0,4,1,4,3,3,1,1,2,1,0,0,4,1,3,6,0,0,3,0,1,0,1,1,1,0,1,1,0,2,0,6,5,2,2,2,2,2,1,3,0,6,2,2,0,2,5,0,0,0,0,0,0,1,1,0,0,0,5,0,0,5,2,5,3,3,2,0,2,0,4,4,0,1,0,0,1,0,2,0,1,1,1,0,1,0,3
1,2,4,2,0,11,1,5,0,0,4,1,4,3,3,1,1,2,1,0,0,4,1,3,6,0,0,3,0,1,0,1,1,1,1,1,1,0,2,0,6,5,2,2,2,2,2,1,3,0,6,2,2,0,2,5,0,0,0,0,0,0,1,1,0,0,0,5,0,0,5,2,5,3,3,2,0,2,0,4,4,0,1,0,0,1,0,2,0,1,1,1,0,1,0,4
1,2,4,2,0,10,1,5,0,0,3,1,4,3,3,0,1,2,1,0,0,4,1,3,6,0,0,3,0,1,0,1,1,1,0,1,1,0,2,0,6,5,2,2,2,2,2,1,3,0,6,2,2,0,3,6,0,0,0,0,0,0,1,1,0,0,0,5,0,0,5,2,5,3,3,2,0,2,1,4,5,0,1,0,0,2,1,2,0,1,1,1,0,1,0,4
1,2,4,2,0,10,1,5,0,0,3,1,4,3,3,0,1,2,1,0,0,4,1,3,6,0,0,3,0,1,0,1,1,1,0,1,1,0,2,0,6,5,2,2,2,2,2,1,3,0,6,2,2,0,2,6,0,0,0,0,0,0,1,1,0,0,0,5,0,0,5,2,5,3,3,2,0,2,1,4,4,0,1,0,0,2,1,2,0,1,1,1,0,1,0,4
1,2,4,2,0,11,1,5,0,0,3,1,4,3,3,0,1,2,1,0,0,4,1,3,7,0,0,4,0,1,0,1,1,1,0,1,1,0,2,0,6,5,2,2,2,2,2,1,3,0,6,2,2,0,2,6,0,0,0,0,0,0,1,1,0,0,0,5,0,0,5,2,5,3,3,2,0,2,1,4,4,0,1,0,0,2,1,2,0,1,1,1,0,1,0,4
1,2,4,2,0,11,1,5,0,0,3,1,4,3,4,0,1,2,1,0,0,4,1,3,6,0,0,3,0,1,0,1,1,1,0,1,1,0,2,0,6,5,2,2,2,2,2,1,3,0,6,2,2,0,2,6,0,0,0,0,0,0,2,1,1,0,0,6,0,0,5,2,5,3,2,2,0,2,1,5,4,0,1,0,0,1,1,2,0,2,1,1,0,1,1,4
1,2,4,2,0,11,1,5,0,0,3,1,4,3,4,0,1,2,1,0,0,4,1,3,6,0,0,3,0,1,0,1,1,1,0,1,1,0,2,0,6,5,2,2,2,2,2,1,3,0,6,2,2,0,2,6,0,0,0,0,0,0,2,1,1,0,0,6,0,0,5,2,5,4,2,2,0,2,0,5,4,0,1,0,0,1,1,2,0,2,1,1,1,1,1,4
1,2,4,2,0,11,1,5,0,0,4,1,3,3,4,0,2,2,1,0,0,4,3,4,6,0,0,4,0,1,0,1,2,2,0,1,1,0,2,0,6,5,2,2,2,3,2,1,3,0,6,2,2,0,2,6,1,0,0,0,0,0,2,1,1,0,0,6,0,0,5,2,5,3,2,2,0,1,0,5,4,0,1,0,0,1,1,2,0,2,1,1,1,1,1,4
1,3,4,2,0,11,1,5,1,0,4,2,4,4,4,0,2,2,1,0,0,5,5,4,7,1,0,4,0,2,1,1,2,2,0,2,1,0,3,0,6,5,2,3,3,3,3,2,3,0,6,2,2,0,2,6,0,0,0,0,0,0,2,1,1,0,0,6,0,0,6,4,7,4,3,2,0,1,0,5,5,0,1,0,0,1,1,2,0,1,1,1,1,2,1,4
1,4,4,2,0,11,1,5,1,0,4,2,3,4,4,0,2,2,1,0,0,5,4,4,7,1,0,4,0,2,1,1,2,2,0,3,1,0,3,0,6,3,2,3,2,3,3,2,2,0,6,2,2,0,2,6,0,0,0,0,0,0,2,1,1,0,0,6,0,0,6,4,7,4,3,2,0,1,0,5,4,0,1,0,0,1,1,2,0,1,1,1,1,2,1,4
1,3,5,1,0,11,2,6,1,0,4,2,3,5,4,0,2,2,1,0,0,5,4,4,8,1,0,4,0,2,1,1,2,2,0,3,1,0,2,0,6,2,1,4,1,3,3,2,2,0,5,2,2,0,2,6,0,0,0,0,0,0,2,1,1,0,0,6,0,0,7,4,9,5,3,2,0,1,0,5,4,0,1,0,0,1,1,2,0,2,1,1,2,2,1,3
1,3,5,1,0,10,3,6,1,0,4,2,3,5,4,0,2,2,1,0,0,5,3,4,8,1,0,4,0,2,2,1,2,2,0,3,1,0,2,0,6,2,1,4,1,3,2,2,2,0,5,2,2,0,2,6,0,0,0,0,0,0,2,1,1,0,0,6,0,0,8,5,11,5,2,1,0,1,0,5,4,0,1,0,0,1,1,2,0,2,1,2,2,2,1,3
1,3,5,1,0,10,3,6,1,0,4,2,3,5,4,0,2,2,1,0,0,5,3,4,8,1,0,5,0,3,1,1,2,2,0,3,1,0,2,0,6,2,1,3,1,4,2,2,2,0,5,2,2,0,2,6,0,0,0,0,0,0,2,1,1,0,0,6,0,0,8,4,9,4,2,1,0,1,0,5,4,0,1,0,0,1,1,2,0,2,1,2,2,3,1,4
1,3,4,1,0,10,3,6,1,0,4,2,4,4,4,0,2,3,1,0,0,5,3,4,3,1,0,5,0,3,1,1,1,2,1,3,1,0,2,0,2,2,1,1,1,4,2,2,2,0,5,2,2,0,1,5,0,0,0,0,0,0,2,1,1,0,0,6,0,0,9,4,10,4,2,1,0,1,0,5,4,0,1,0,0,1,0,2,0,2,1,1,2,3,1,4
1,2,4,0,0,9,2,5,1,0,4,3,3,2,3,0,3,2,1,0,0,5,3,4,1,1,0,4,0,3,0,1,1,2,1,3,1,0,2,0,2,2,1,1,1,4,2,2,2,0,5,2,2,0,2,6,1,1,1,1,1,1,2,1,2,0,1,7,0,0,8,3,8,4,3,1,0,1,0,5,4,0,1,0,0,1,0,2,0,2,1,1,2,2,3,3
1,2,4,0,0,10,3,5,1,0,4,3,3,2,3,0,2,2,1,0,0,5,4,4,2,1,1,4,0,3,0,1,2,2,1,3,1,0,2,0,3,2,1,1,1,5,2,2,2,0,5,2,2,0,3,6,1,1,1,1,1,1,2,1,2,0,1,7,0,0,7,4,8,4,3,1,0,1,0,5,5,0,1,0,0,1,0,2,0,2,1,1,2,2,2,3
1,2,6,0,0,10,3,4,3,0,4,2,3,2,3,0,1,3,1,0,0,5,3,4,2,2,0,4,0,2,0,2,0,2,1,2,1,0,2,0,4,2,1,1,1,7,2,2,2,0,5,2,2,0,3,7,1,1,1,1,1,1,2,1,2,0,1,8,0,0,10,5,11,6,3,1,1,3,1,5,5,0,1,0,0,1,1,2,0,3,1,1,3,3,3,5
2,2,6,0,0,10,3,4,3,0,4,2,4,2,3,0,1,3,1,0,0,5,3,4,1,2,0,4,0,2,0,2,0,2,1,2,1,0,2,0,4,2,1,1,1,8,2,2,2,0,5,2,3,0,3,7,1,1,1,1,1,1,1,1,2,0,1,8,0,0,10,5,11,6,3,1,1,3,1,5,5,0,1,0,0,1,1,2,0,2,1,1,2,3,3,6
2,2,6,0,0,10,3,3,3,0,4,3,3,2,3,0,1,3,1,0,0,5,3,4,1,2,0,5,0,2,0,2,0,2,2,2,1,0,2,0,3,2,1,1,1,8,2,2,2,0,5,2,3,0,3,7,1,1,1,1,1,1,1,1,1,0,1,8,0,0,10,5,11,4,3,1,1,2,1,5,5,0,1,0,0,1,1,2,0,2,1,1,2,3,3,6
2,2,6,0,0,10,3,3,2,0,4,3,4,2,3,1,1,3,0,0,0,5,3,4,1,1,0,5,0,2,0,1,0,2,1,1,1,0,2,0,3,2,1,1,1,8,2,2,2,0,5,2,2,0,3,7,1,1,1,1,1,1,1,1,1,0,1,8,0,0,11,5,9,4,3,1,1,2,1,5,5,0,1,0,0,1,1,2,0,2,1,1,2,2,3,6
2,2,6,0,0,11,3,3,2,0,4,3,5,3,4,1,2,3,0,0,0,5,4,5,4,1,0,6,1,2,0,1,1,3,1,1,1,0,2,1,5,2,1,1,1,9,2,2,3,1,6,2,2,0,3,7,2,1,1,1,1,1,1,1,1,0,1,8,1,0,10,5,10,5,4,1,1,2,1,5,6,0,1,1,0,2,1,2,0,2,1,1,1,2,3,5
2,2,6,0,1,11,3,3,2,0,5,3,5,3,4,1,2,3,0,0,0,6,4,4,5,1,0,7,1,1,0,1,0,3,0,1,1,0,2,1,5,2,1,1,1,9,2,2,3,1,6,2,2,0,3,7,1,1,1,0,1,1,1,1,1,0,1,7,0,0,8,4,9,4,4,1,1,2,1,5,6,0,1,0,0,2,1,2,1,3,2,1,2,2,2,5
2,2,5,0,1,10,3,3,2,0,5,3,5,3,4,1,2,3,0,0,0,5,4,4,5,1,0,7,1,1,0,1,0,3,0,1,1,0,2,1,5,2,1,1,1,9,2,2,3,1,6,2,2,0,2,7,2,1,1,0,1,0,1,1,1,0,1,6,0,0,9,4,9,5,3,1,1,2,1,5,6,0,1,1,0,3,1,2,0,2,2,1,2,2,2,6
2,2,3,0,1,10,3,2,3,0,5,3,5,3,5,1,2,3,0,0,0,6,4,4,4,1,0,7,1,1,0,2,0,3,0,1,1,0,2,1,4,2,1,1,1,6,2,2,3,1,6,2,2,0,2,7,2,1,0,0,0,0,1,1,1,0,0,6,0,0,9,2,11,5,3,1,1,3,1,5,6,0,1,1,0,3,1,2,0,2,2,1,2,2,2,5
2,2,4,0,1,9,3,2,2,0,5,3,5,3,5,1,2,3,0,0,0,6,4,3,4,1,0,6,1,1,0,2,0,3,0,1,1,0,2,1,4,2,1,1,1,4,2,2,3,1,6,2,2,0,1,7,1,0,0,0,0,0,1,1,0,0,0,6,0,0,10,2,11,5,3,1,1,3,1,4,6,0,1,1,0,2,1,2,0,2,2,1,1,2,2,5
2,2,4,0,2,9,3,2,2,0,4,3,5,3,5,1,2,3,0,0,0,6,4,3,4,1,0,7,1,1,0,2,0,3,0,1,1,0,2,1,4,2,1,1,1,4,2,2,3,1,6,2,2,0,1,7,1,0,0,0,0,0,1,1,0,0,0,6,0,0,9,2,10,5,3,1,1,3,1,4,6,0,1,0,0,2,1,2,0,2,2,1,1,2,2,5
3,2,4,0,2,9,3,2,2,0,4,3,6,4,5,1,2,4,1,0,0,5,5,3,4,1,0,8,1,1,0,2,0,3,1,2,1,0,2,1,2,3,1,1,1,5,2,2,3,1,6,2,2,0,1,7,1,0,0,0,0,0,1,1,0,0,0,6,0,0,8,3,9,7,3,1,1,3,1,4,6,0,1,0,0,2,1,2,0,2,2,1,1,2,2,5
3,2,4,0,1,9,4,2,2,0,4,4,6,4,5,1,1,4,1,0,0,5,5,3,5,1,0,8,1,1,0,2,0,3,2,2,1,0,2,1,2,3,1,2,1,6,2,2,3,1,6,4,2,1,2,8,2,0,0,0,1,0,1,2,0,0,0,7,1,0,8,3,9,6,3,1,1,3,1,4,7,0,1,0,0,2,1,2,0,2,2,1,1,2,2,5
3,2,4,0,1,9,4,2,2,0,4,5,6,4,5,1,1,4,2,0,0,5,5,3,5,1,0,7,1,1,0,2,0,3,1,3,1,0,2,1,2,3,1,2,1,7,2,3,3,1,6,4,2,1,2,9,2,0,0,0,1,0,1,2,0,0,0,7,1,0,8,4,8,5,3,2,1,2,1,4,7,0,1,0,0,2,1,2,0,2,4,1,1,2,2,5
3,2,5,0,1,9,4,2,2,0,4,5,8,4,5,1,1,4,2,0,0,5,7,3,6,1,0,8,1,1,0,3,0,3,1,3,2,0,2,1,2,3,1,2,1,9,2,3,3,1,5,5,2,1,2,8,3,0,0,0,1,0,1,2,0,0,1,7,2,0,7,2,8,5,3,2,1,2,1,4,7,0,2,1,0,3,1,3,0,3,5,2,2,2,2,5
3,2,5,0,2,10,4,2,2,0,4,5,7,3,5,2,2,4,2,0,0,5,9,3,6,1,0,9,1,1,0,2,0,3,2,3,2,0,2,1,3,3,1,3,1,12,2,3,3,1,5,5,2,1,2,8,3,0,0,0,1,0,1,2,0,0,1,7,2,0,5,3,9,6,3,2,2,2,1,4,7,0,2,1,0,3,1,3,0,3,3,2,2,2,2,5
3,2,5,0,4,10,4,3,2,0,4,6,7,3,5,2,1,3,1,0,0,4,9,3,8,1,0,13,1,2,0,3,0,3,3,3,1,0,2,1,3,3,2,3,1,14,2,2,3,1,5,5,3,1,3,9,4,1,1,1,2,0,2,3,0,0,2,8,2,0,7,4,9,6,3,1,1,2,1,4,9,0,2,1,0,3,1,3,0,3,3,2,1,2,1,6
3,3,5,0,5,10,5,4,2,0,4,10,7,3,5,2,2,4,2,0,0,4,10,3,8,2,0,18,0,2,0,2,0,2,5,3,1,0,3,1,3,3,1,3,3,19,3,3,3,1,5,6,3,1,3,10,5,2,1,1,2,0,2,3,0,0,2,8,3,0,7,4,11,9,3,3,3,2,2,5,8,0,2,1,1,3,2,3,0,3,4,2,1,4,1,6
3,2,5,0,3,12,5,5,2,0,3,10,8,3,5,2,2,3,2,0,0,4,8,3,7,2,0,14,0,2,0,2,0,2,5,3,1,0,3,1,4,3,1,3,3,18,3,3,3,1,5,5,3,1,3,10,5,2,1,1,2,0,2,3,0,0,2,8,3,0,6,3,9,7,3,2,2,2,2,5,8,0,2,1,1,2,2,3,0,3,4,2,1,4,1,6
3,2,5,0,2,12,5,5,2,0,3,11,6,3,5,2,3,3,2,1,0,4,6,4,7,2,0,15,0,2,0,1,1,2,5,3,1,0,3,1,3,3,1,4,2,18,2,3,3,1,5,5,3,1,3,10,5,2,1,1,2,0,2,3,0,0,2,8,3,0,6,5,8,9,3,2,1,2,3,5,8,0,2,1,1,1,2,3,0,3,4,2,1,5,1,6
4,3,7,0,3,13,5,5,3,0,3,12,5,3,5,2,4,4,2,1,0,4,8,3,6,2,0,19,0,2,0,1,1,3,6,4,2,0,3,1,3,3,1,3,2,23,2,3,3,2,5,5,4,1,3,10,6,2,1,1,2,0,2,3,0,0,2,8,4,0,8,5,10,9,3,4,4,2,2,6,8,0,2,2,1,1,2,3,0,2,5,1,2,7,1,6
3,4,7,0,3,15,5,5,5,0,3,12,8,3,3,2,4,4,2,1,0,5,10,3,8,2,0,20,0,3,0,3,1,2,5,3,1,0,3,1,4,3,1,3,2,31,2,5,3,2,5,5,4,1,3,11,7,2,1,1,2,0,2,3,0,0,2,8,4,0,7,4,9,5,3,6,3,2,2,6,10,0,2,2,1,1,1,2,0,3,2,1,2,7,1,6
3,4,6,0,3,17,4,6,4,0,3,13,10,3,3,2,4,4,1,2,0,5,14,5,7,2,0,25,0,3,0,2,1,1,4,3,1,0,3,0,6,3,1,3,2,30,2,5,3,2,5,4,4,1,3,11,7,2,1,1,2,0,2,2,0,0,2,8,3,0,5,7,10,5,3,7,2,2,2,6,11,0,2,1,1,1,1,2,0,3,2,1,1,6,2,6
3,5,7,1,5,17,3,6,4,1,3,13,8,4,3,1,4,4,1,2,0,5,16,5,9,2,0,24,0,3,0,2,1,1,2,4,1,0,3,0,7,4,1,3,2,33,2,4,3,1,5,5,4,1,4,13,8,2,2,2,2,1,2,2,0,0,2,9,2,0,7,8,12,5,3,6,2,1,3,6,10,0,3,1,1,2,1,2,0,5,3,1,3,4,2,6
2,6,10,1,5,16,3,6,5,1,3,12,11,5,4,2,4,4,5,3,0,5,19,6,8,2,0,27,0,4,0,3,2,1,3,7,1,0,3,0,8,8,2,3,2,43,3,3,3,1,4,5,4,2,3,13,8,0,0,2,2,1,2,1,0,0,2,10,2,0,7,11,12,6,3,6,4,4,3,8,10,0,3,1,1,2,1,2,0,5,3,1,3,4,4,7
2,5,9,1,8,13,4,7,5,1,3,14,12,6,4,3,4,5,5,2,0,6,22,6,7,3,0,23,0,4,0,3,3,1,5,8,1,0,3,0,9,8,2,3,2,43,3,2,4,1,4,5,4,2,4,14,12,0,0,3,1,1,1,1,1,0,1,9,2,0,9,8,13,4,3,6,3,4,3,8,10,0,4,2,1,5,1,3,0,8,5,2,5,7,5,8
5,5,13,4,8,13,4,10,11,6,3,16,12,6,4,3,7,6,5,2,0,6,24,5,7,4,0,27,1,7,0,4,4,1,5,12,2,0,4,0,8,9,3,2,2,41,4,2,4,1,5,3,4,2,5,14,12,1,0,2,1,1,1,1,2,0,2,10,3,0,10,11,16,8,3,6,4,4,5,10,12,0,4,4,1,8,1,3,1,9,4,3,6,8,6,8
5,4,12,6,6,14,4,11,13,6,4,16,16,7,6,3,7,6,5,3,0,7,28,5,8,2,0,30,2,8,0,4,3,2,4,15,2,0,4,1,9,9,3,2,2,42,4,2,5,4,5,3,5,2,5,19,20,1,0,2,1,0,1,2,5,0,2,9,5,0,13,13,18,7,4,7,8,4,5,12,16,0,8,3,1,9,2,3,1,14,4,5,6,9,12,9
7,5,12,7,8,17,3,11,13,6,7,14,15,6,6,3,8,7,8,2,0,7,34,5,7,2,1,36,2,8,0,7,3,2,3,15,2,0,4,1,9,9,6,2,2,50,4,2,5,3,7,3,6,2,5,19,31,4,0,3,0,0,1,2,3,1,1,8,10,0,12,11,29,11,4,6,8,4,4,12,18,0,14,6,1,8,1,3,3,28,6,7,7,7,14,10
7,4,15,7,9,19,3,12,14,7,8,15,15,6,6,3,10,7,13,3,0,7,29,6,8,3,0,34,3,9,0,8,3,2,7,17,2,0,6,1,8,10,7,2,3,51,5,3,5,4,8,3,6,6,9,20,35,5,1,5,0,1,2,3,3,0,2,9,8,0,17,16,24,14,4,6,9,4,5,14,24,0,20,8,1,10,2,3,2,33,7,6,7,6,19,15
8,7,16,9,7,15,3,15,15,8,8,15,15,7,6,3,12,7,14,3,0,10,28,7,9,3,1,33,3,10,0,12,3,2,6,15,1,0,10,1,7,11,6,2,4,54,7,3,5,4,9,3,8,12,12,24,35,4,6,5,1,4,6,4,4,1,5,13,12,0,22,15,22,15,5,9,8,4,10,12,25,0,20,9,1,11,7,4,1,43,8,6,5,8,20,23
9,8,17,8,7,16,4,15,17,10,10,14,14,8,6,3,15,7,14,3,0,10,36,8,9,4,0,35,3,12,0,12,3,2,8,16,2,0,13,1,7,13,7,2,6,67,7,5,5,5,10,4,8,16,13,28,39,4,9,6,1,4,7,5,3,2,3,14,9,0,27,18,21,16,6,11,9,5,13,15,29,0,18,9,1,10,9,3,1,46,8,6,5,10,23,26
8,7,16,8,7,16,7,14,15,9,10,15,18,9,7,3,18,9,13,3,0,11,35,10,10,4,1,39,5,13,1,11,4,1,7,15,3,0,13,1,7,11,6,3,6,65,7,3,6,5,10,3,9,16,14,30,41,5,12,6,1,3,6,5,4,5,4,16,9,0,29,18,26,19,5,11,10,6,12,16,30,0,18,13,1,13,9,4,1,49,9,9,5,11,28,26
9,9,21,8,7,18,6,14,15,9,11,16,19,6,7,4,19,9,16,3,0,12,39,13,15,5,1,46,7,12,0,11,4,2,8,18,3,0,17,1,8,12,6,5,7,73,9,4,6,5,11,3,9,15,15,29,43,5,14,6,3,3,6,5,5,5,5,16,8,0,35,20,30,18,5,13,12,9,12,16,31,0,17,12,1,12,10,4,2,50,9,8,6,11,30,29
10,9,20,8,8,18,7,14,13,7,11,13,17,7,7,3,18,8,16,4,0,12,34,15,14,6,1,39,7,13,1,13,4,1,5,19,3,0,17,1,8,12,6,6,8,65,8,5,7,6,11,3,9,18,15,29,41,7,15,5,3,3,7,6,4,4,6,15,6,0,37,22,29,18,5,14,11,8,15,16,31,0,19,12,1,13,9,4,4,51,10,7,6,11,32,31
9,11,24,9,9,20,9,15,16,11,10,15,19,8,7,3,21,9,18,6,0,11,37,15,19,6,1,46,7,13,0,12,5,1,9,18,3,0,17,1,7,13,7,7,8,70,7,5,7,6,12,3,10,20,17,33,41,6,16,6,2,3,8,7,5,5,6,16,6,0,36,22,28,20,5,17,11,11,15,19,35,0,19,12,1,14,9,4,4,49,10,7,6,14,33,33
10,12,27,10,13,22,7,16,22,13,11,14,22,9,8,5,23,11,18,4,0,11,42,15,21,5,0,52,8,13,1,13,4,3,9,19,3,0,18,1,10,13,7,7,8,82,8,5,10,8,14,3,14,21,18,35,38,6,18,7,1,3,10,7,5,6,6,18,6,0,41,24,32,20,5,18,13,11,17,15,37,0,16,14,1,15,10,4,4,42,10,8,6,14,35,37
10,12,28,10,8,21,7,17,20,13,11,14,20,8,7,5,22,12,16,5,0,11,41,15,21,5,1,53,8,13,0,12,4,3,11,19,3,0,19,1,13,12,9,7,8,80,8,6,11,8,14,3,16,25,19,39,34,6,20,9,3,4,11,9,6,9,7,22,8,0,41,25,37,20,5,20,12,10,22,16,37,0,10,13,1,18,12,5,5,34,10,6,8,17,24,38
8,12,29,10,7,22,8,18,19,10,12,14,21,7,7,5,28,12,18,5,0,11,56,15,21,5,0,64,8,14,1,13,6,3,9,19,3,0,18,1,14,12,10,6,8,90,9,7,12,9,15,3,16,25,19,36,30,6,21,10,3,5,13,9,7,8,6,22,10,0,45,27,36,20,5,24,13,11,23,19,38,0,12,14,1,17,11,5,5,31,10,5,10,19,23,38
7,12,29,10,8,23,13,18,18,9,10,13,22,8,9,6,30,15,17,5,0,12,53,15,22,7,0,65,8,15,0,13,5,5,10,19,2,0,19,1,13,13,11,10,10,96,8,8,12,14,17,3,16,23,18,39,34,6,18,10,3,5,12,9,7,8,6,23,15,0,45,29,41,22,5,23,17,14,27,22,42,0,12,15,1,20,14,5,6,36,9,4,10,15,22,41
8,11,28,10,12,25,16,18,18,9,11,11,26,10,11,8,27,16,16,4,0,11,52,15,23,8,0,61,10,16,4,11,4,6,8,18,2,0,19,4,12,16,12,20,8,99,5,11,14,14,20,3,16,25,17,37,25,7,20,11,4,4,11,8,8,9,6,25,17,0,46,31,48,24,7,18,18,15,28,22,42,0,12,14,2,19,14,5,6,29,9,7,10,16,26,50
10,11,29,11,9,25,18,19,20,10,15,12,29,13,11,10,27,17,17,5,0,11,47,16,28,8,0,65,11,17,21,11,4,8,11,18,2,0,19,5,13,15,12,22,8,111,5,12,16,14,21,5,22,26,18,42,26,7,21,11,6,4,12,9,11,9,6,27,18,0,47,33,47,24,7,18,19,20,30,22,48,0,12,14,1,22,14,5,6,30,10,5,10,19,27,44
10,11,29,12,7,25,14,19,20,10,19,13,33,14,10,10,31,18,18,4,0,11,40,17,30,9,0,65,11,17,24,11,4,8,10,19,2,0,20,4,13,15,11,25,8,119,5,14,17,17,21,5,20,29,18,41,26,6,21,10,5,4,15,10,11,9,5,27,17,0,51,31,48,24,7,18,21,22,29,22,44,0,10,10,1,23,13,5,6,28,11,5,11,19,24,43
10,11,30,13,6,24,13,19,22,12,17,12,33,14,11,11,30,20,20,5,0,11,38,16,28,7,0,64,11,17,18,11,4,6,9,19,2,0,21,4,13,15,9,25,8,115,5,10,17,17,22,5,19,30,20,41,22,7,22,11,5,4,14,10,12,9,6,28,18,0,47,31,47,23,8,18,21,24,29,20,46,0,12,9,1,26,14,5,7,39,14,6,12,18,21,43
11,12,30,13,5,24,12,19,24,13,17,13,33,16,12,11,28,18,21,4,0,11,33,16,28,7,0,62,11,17,14,11,4,6,11,19,3,0,21,4,12,15,9,26,9,119,6,9,18,17,23,6,19,31,23,40,21,7,22,12,7,5,13,12,16,10,6,29,17,0,46,31,47,20,9,16,20,23,30,21,50,0,14,9,1,25,13,7,9,38,16,6,13,18,21,43
10,12,32,13,4,24,9,19,23,9,16,14,35,17,12,13,23,17,24,3,0,11,36,16,25,8,1,59,11,16,12,10,4,7,12,21,2,0,20,4,14,14,9,21,10,114,4,7,19,17,22,5,17,31,17,41,21,7,23,10,7,3,13,12,16,10,6,30,16,0,49,33,46,20,9,17,19,22,30,25,48,0,18,9,1,25,13,7,10,43,17,7,12,19,20,43
10,12,33,14,5,25,13,19,21,9,16,16,37,18,11,14,22,17,22,3,0,11,32,16,25,7,0,58,12,16,18,10,4,7,13,20,2,0,22,4,15,14,9,22,10,112,4,5,19,17,21,5,15,30,18,43,22,7,25,12,8,3,12,11,15,10,7,29,16,0,55,35,48,20,9,18,20,22,32,25,50,0,18,9,1,26,14,7,10,42,17,7,12,19,19,46
10,12,34,14,5,25,13,20,18,9,16,14,31,18,10,14,20,16,20,3,0,11,28,15,26,7,0,58,12,15,17,10,5,7,13,20,2,0,20,4,17,16,9,25,10,113,4,4,19,18,23,5,16,32,20,46,21,6,28,8,8,3,10,11,15,10,7,31,17,0,50,36,43,21,7,18,19,21,31,28,54,0,16,8,1,26,15,5,11,43,18,6,13,19,17,44
11,12,29,13,5,25,13,17,16,11,17,14,29,18,11,14,18,13,20,4,0,10,29,15,24,7,2,58,13,15,22,11,5,8,12,20,2,0,19,4,14,14,6,27,9,98,4,5,18,19,23,6,17,35,20,45,22,6,31,8,10,4,9,11,18,10,7,31,16,0,48,37,40,20,8,20,19,25,32,32,51,0,16,11,1,24,15,5,10,44,19,6,13,19,17,45
10,13,28,12,6,21,15,17,17,12,18,13,29,18,12,14,15,13,20,4,0,10,29,14,25,7,2,56,15,16,18,12,5,9,13,21,3,0,18,4,15,14,6,28,9,87,4,5,18,19,23,6,19,34,18,45,24,5,30,8,9,5,9,10,15,10,7,32,16,0,42,34,39,20,10,20,19,24,31,31,56,0,15,11,1,23,16,4,10,44,20,6,13,20,17,45
10,12,30,13,6,20,13,17,18,11,18,13,30,17,11,14,16,14,18,3,0,10,28,19,27,7,1,53,14,16,17,13,5,9,11,22,2,0,18,4,14,15,6,25,7,90,4,5,16,18,24,6,20,34,18,46,23,5,28,8,9,5,8,10,14,10,8,35,16,0,45,32,40,25,10,18,17,21,33,24,58,0,12,12,2,22,15,4,9,40,19,6,13,18,17,46
10,13,26,12,6,23,6,17,18,11,22,13,34,15,12,13,19,14,16,2,0,10,28,19,29,7,1,55,14,17,1,14,5,10,10,21,2,0,17,4,14,15,8,12,7,87,4,5,16,19,25,6,20,35,18,47,22,7,28,9,8,5,8,10,16,10,8,33,16,0,53,35,43,24,8,19,18,20,30,25,54,0,12,11,2,25,19,5,9,37,19,9,13,16,19,46
10,12,25,13,6,20,7,17,18,12,23,15,31,16,12,13,18,15,17,4,0,10,31,19,28,7,1,54,13,19,5,12,5,9,13,21,2,0,17,4,14,15,9,13,7,97,7,5,16,18,24,6,20,37,19,58,30,5,26,10,7,6,11,11,15,10,7,35,18,0,44,34,55,27,8,18,18,21,29,26,55,0,14,11,1,22,21,5,10,40,19,9,12,17,18,50
11,14,29,14,6,21,10,20,17,11,23,16,30,14,12,12,19,15,19,3,0,11,33,20,24,9,1,61,12,21,7,12,5,9,12,21,2,0,18,5,14,17,7,14,8,102,6,6,17,17,24,7,23,34,22,52,35,6,26,10,9,8,12,13,17,13,9,36,19,0,44,35,59,23,8,19,23,22,30,24,63,0,17,11,1,21,23,6,10,41,19,8,10,19,18,59
11,13,32,13,6,21,15,20,18,11,23,16,30,17,13,12,19,17,20,2,0,11,33,21,27,9,1,59,13,21,7,12,5,7,13,22,2,0,17,3,13,17,7,16,8,110,6,8,18,17,25,7,25,39,23,51,34,7,30,11,6,8,14,13,15,11,9,39,17,0,46,34,55,19,12,21,33,18,30,24,59,0,15,11,1,20,22,7,10,46,18,8,10,18,17,60
11,12,30,13,6,21,14,20,18,11,25,16,32,16,13,12,21,20,22,3,0,11,36,19,25,9,0,64,12,21,9,12,5,9,15,22,2,0,17,3,13,17,8,17,8,115,6,8,18,20,24,7,28,38,20,51,34,5,30,10,6,9,14,14,14,11,9,39,17,0,51,34,55,20,12,21,36,20,31,24,58,0,13,11,2,21,21,7,11,46,20,8,9,19,20,58
11,13,30,14,6,20,14,19,18,11,26,17,33,18,15,12,22,20,23,4,0,11,37,19,29,8,0,68,13,23,10,12,5,9,15,24,2,0,18,3,14,17,8,14,8,115,7,8,18,21,24,7,27,42,20,54,39,7,30,11,6,10,14,15,15,12,9,39,17,0,53,33,58,19,12,22,38,21,31,25,55,0,12,11,2,22,21,8,12,47,21,9,9,19,23,62
10,14,30,14,7,21,15,19,16,11,28,19,31,20,17,12,22,21,22,4,0,10,37,19,30,8,0,70,13,25,13,13,5,9,14,23,2,0,16,4,13,17,9,15,8,118,7,9,18,21,22,9,29,46,20,56,38,8,33,10,7,10,16,12,16,10,10,44,19,0,51,37,57,18,13,22,38,21,31,28,54,0,13,11,2,23,23,9,12,45,22,10,9,20,20,64
10,13,31,14,7,23,16,19,15,11,25,19,30,17,14,13,24,22,22,6,0,10,35,18,26,8,0,66,13,24,14,13,5,8,13,23,2,0,15,4,13,17,9,17,8,123,7,9,17,21,20,8,31,50,21,58,38,8,36,9,7,8,16,7,17,11,10,42,19,0,54,37,55,17,11,20,39,20,31,27,56,0,15,11,2,24,23,9,13,49,23,11,8,20,21,63
11,14,28,13,6,23,17,19,15,11,27,18,33,18,14,13,23,23,24,7,0,10,35,19,27,8,0,66,13,24,11,13,5,9,10,23,2,0,15,2,13,18,9,20,8,113,7,8,16,24,21,8,31,51,23,55,40,7,37,9,8,9,16,6,15,10,10,42,19,0,53,35,56,18,10,21,39,20,30,24,56,0,14,11,2,22,23,9,13,48,22,10,8,20,20,61
10,12,28,14,6,24,17,20,15,12,26,18,34,21,15,13,22,20,24,4,0,10,36,20,28,9,0,68,14,20,13,14,5,8,10,23,2,0,17,2,13,20,8,23,8,107,6,8,16,26,24,8,30,51,23,54,44,9,35,9,8,9,17,7,15,10,10,43,19,0,51,35,42,16,10,20,41,21,30,25,58,0,16,11,3,21,23,9,13,44,22,9,8,17,19,58
10,12,29,14,5,23,17,21,15,12,29,19,35,22,16,13,23,18,24,4,0,9,37,19,26,8,0,67,15,18,14,14,5,8,11,23,2,0,19,2,13,21,8,19,7,102,6,7,18,24,26,9,30,50,22,56,44,8,38,10,7,8,16,7,15,10,8,44,18,0,50,34,40,15,12,18,41,21,30,29,58,0,15,11,3,21,23,9,13,40,23,8,6,18,17,59
10,12,31,14,5,22,18,22,15,12,27,19,32,21,15,13,21,16,25,4,0,9,36,20,26,7,0,64,12,18,18,14,5,7,11,23,3,0,19,2,14,23,9,19,7,97,7,7,18,24,27,9,27,48,22,58,39,10,35,10,7,9,16,7,14,10,7,46,19,0,50,34,39,16,12,21,42,15,30,27,56,0,16,10,3,18,24,10,12,42,23,8,6,19,16,61
9,12,32,14,5,24,18,23,16,10,26,18,33,24,14,14,19,18,27,4,0,8,35,19,25,7,0,59,13,18,14,14,6,8,13,23,3,0,19,2,14,18,10,18,7,102,5,7,19,25,28,10,25,49,23,53,37,9,33,12,7,9,15,7,13,11,7,48,18,0,54,31,41,16,11,22,41,11,28,25,56,0,15,11,3,18,24,10,12,44,23,7,5,19,17,59
9,13,32,15,5,24,17,20,16,12,27,18,32,24,14,13,19,17,26,3,0,8,33,19,28,7,0,59,13,18,13,14,7,8,13,23,3,0,19,2,14,18,10,21,6,101,5,7,19,25,27,12,26,49,22,54,39,8,32,11,6,8,14,8,9,10,7,45,19,0,55,32,42,18,10,22,39,11,29,24,58,0,14,14,3,19,25,9,12,43,24,7,7,16,16,56
10,13,29,14,5,23,18,20,16,13,28,18,31,24,15,15,19,16,26,2,0,9,34,19,28,7,0,63,12,19,12,14,8,8,13,23,4,0,18,2,12,17,11,22,6,108,4,8,20,25,27,14,26,45,17,47,40,8,30,10,6,8,15,9,8,10,7,42,22,0,56,32,42,20,10,22,41,13,29,25,57,0,17,18,3,21,25,11,15,46,24,9,7,17,16,55
10,15,29,14,8,25,19,21,20,13,27,15,31,23,13,14,19,17,26,2,0,9,34,19,27,8,2,63,12,19,12,14,9,8,12,24,4,0,18,3,14,16,12,21,6,110,4,7,18,27,26,16,25,44,17,46,42,7,28,10,7,8,14,8,8,12,7,40,22,0,57,33,48,22,11,21,39,17,29,24,59,0,15,15,3,20,23,10,14,44,24,9,6,18,16,54
9,14,27,14,7,26,18,21,19,12,28,15,31,22,13,13,18,14,23,1,0,8,36,19,28,7,1,61,12,21,15,15,9,8,10,24,4,0,19,3,13,16,10,21,7,108,3,6,18,26,24,22,28,46,21,45,42,8,26,12,8,10,16,9,6,14,8,36,24,0,56,33,45,16,11,20,39,18,28,25,60,0,15,14,3,21,24,11,14,44,23,9,6,16,18,56
8,14,27,14,7,28,15,20,18,13,28,15,34,22,13,13,19,15,23,2,0,8,35,20,27,7,1,60,11,20,16,15,9,8,9,22,4,0,19,3,15,16,10,14,7,117,3,6,18,28,23,26,27,47,20,45,41,8,24,12,6,9,16,9,6,15,9,36,24,0,58,36,47,18,11,20,41,16,28,27,58,0,14,13,3,17,24,10,15,43,22,9,7,16,18,54
8,14,27,13,7,25,11,20,18,12,28,16,34,23,13,14,22,14,20,1,0,8,36,22,26,6,1,66,11,20,5,16,9,8,12,21,4,0,19,5,15,14,10,9,7,125,4,6,17,28,25,26,27,48,21,47,41,8,27,12,6,10,18,9,6,14,10,38,24,0,57,33,47,19,12,19,41,18,29,29,54,0,13,14,2,17,24,10,16,42,20,9,5,16,19,53
9,14,30,14,7,28,10,21,18,12,30,16,36,24,13,13,23,13,20,1,0,8,38,21,28,7,1,63,10,23,4,15,9,7,12,21,4,0,21,6,16,14,12,7,8,124,5,6,15,28,28,27,24,47,19,50,45,9,30,13,8,11,18,9,8,15,10,41,26,0,62,35,47,22,11,17,42,18,29,29,53,0,11,12,2,17,24,10,15,42,20,9,7,16,20,55
10,16,32,14,7,28,12,20,18,12,29,16,37,25,12,14,24,14,18,4,0,8,37,22,27,8,0,63,10,23,4,15,9,7,12,21,4,0,21,4,15,15,10,7,7,124,5,6,15,28,26,27,25,48,19,52,42,9,29,12,7,12,15,9,8,13,9,38,25,0,63,35,48,22,11,18,41,18,29,30,48,0,11,13,2,17,24,10,16,41,20,11,7,16,21,55
9,18,29,13,7,28,14,18,18,11,29,19,39,22,12,14,24,13,18,2,0,8,39,22,28,8,0,67,10,22,5,15,8,7,13,21,5,0,19,4,16,14,12,7,7,123,5,6,16,27,28,27,26,49,19,52,38,9,30,12,7,11,11,9,10,12,9,37,27,0,64,35,48,22,11,20,42,16,25,26,48,0,9,11,2,16,23,11,12,39,20,11,7,16,21,57
7,17,26,11,7,24,13,18,17,10,27,17,40,21,13,13,23,13,18,2,0,8,40,22,26,8,0,64,10,23,4,15,6,7,13,20,4,0,18,5,17,14,12,7,7,123,3,6,14,27,28,25,26,45,19,55,37,9,28,12,7,11,11,12,8,12,9,37,31,0,62,36,47,23,11,20,41,14,25,27,45,0,10,10,3,16,23,10,12,41,21,9,6,15,21,57
7,17,29,12,7,25,10,17,19,8,28,17,41,21,13,13,24,13,18,2,0,9,41,23,27,8,0,69,10,23,3,17,6,8,16,22,4,0,18,5,16,14,13,6,7,129,3,6,14,28,30,26,27,42,18,59,40,9,27,11,7,12,11,10,9,13,9,40,29,0,64,35,49,23,11,18,40,14,24,28,46,0,10,10,3,16,22,10,12,38,21,10,6,16,20,62
7,17,33,12,8,27,10,17,19,6,27,17,37,20,13,13,25,15,18,3,0,10,48,22,29,8,1,80,10,25,3,17,7,8,18,22,4,0,19,4,15,15,13,7,7,140,4,7,15,30,30,24,24,23,19,63,37,10,23,10,7,12,9,9,9,13,7,38,28,0,65,40,58,24,11,20,41,15,27,24,51,0,13,11,3,17,24,8,14,45,22,12,8,16,20,66
7,16,32,11,12,25,9,17,18,6,26,17,36,17,13,13,26,15,19,4,0,10,59,20,23,8,0,77,10,24,2,17,7,9,19,20,4,0,20,2,16,17,14,7,7,146,4,8,15,30,24,26,23,17,14,58,36,7,19,9,7,7,9,8,9,9,6,38,26,0,64,40,64,26,11,19,35,12,28,26,54,0,13,9,3,18,22,8,14,36,22,9,7,18,17,66
7,15,31,11,17,25,8,17,17,6,25,15,36,15,12,13,26,13,19,4,0,11,62,21,23,8,0,70,8,22,1,16,7,8,18,20,4,0,20,2,14,17,15,7,7,147,4,6,13,29,23,27,25,9,12,55,36,7,6,9,7,7,9,9,11,8,5,36,20,0,63,37,62,22,11,20,30,10,27,22,50,0,14,10,3,16,19,9,15,36,21,10,5,18,20,64
8,15,33,11,16,22,8,17,17,6,24,14,36,16,12,14,25,15,19,4,0,11,67,20,24,8,0,77,9,24,0,14,7,12,23,20,4,0,20,2,14,16,14,8,7,154,6,7,14,31,25,27,25,8,14,52,38,8,5,9,7,9,9,10,10,9,5,35,20,0,68,37,54,23,11,22,32,11,29,24,52,0,13,10,3,19,21,11,17,39,20,11,3,18,21,63
8,13,32,11,12,22,9,16,17,7,24,14,32,16,12,12,30,12,16,4,0,11,59,20,25,8,0,75,9,22,0,14,6,7,25,20,4,0,18,3,12,14,14,8,7,152,4,7,14,31,26,24,22,9,13,52,41,8,3,9,5,8,8,9,9,7,4,34,19,0,64,32,54,24,9,20,31,11,31,24,48,0,5,3,3,20,19,9,16,40,20,11,4,17,19,63
8,15,32,11,11,23,8,17,17,8,23,15,35,16,12,13,32,15,17,6,0,11,55,20,24,8,1,81,9,22,0,12,6,7,24,20,4,0,18,3,13,14,14,8,8,153,5,7,13,31,27,24,22,10,14,53,44,10,2,8,6,7,9,10,9,7,4,33,20,0,66,32,54,22,9,17,32,11,31,28,48,0,5,3,3,20,20,10,12,39,19,10,5,16,21,57
9,15,32,11,7,24,8,17,16,8,24,13,34,16,12,10,28,14,17,10,0,10,37,21,25,8,1,66,9,22,0,12,5,7,25,20,4,0,18,3,10,15,14,7,6,156,3,7,12,31,26,21,22,9,13,50,45,10,3,6,5,8,9,11,9,7,5,31,19,0,62,33,53,16,9,15,32,11,30,28,47,0,5,3,3,19,21,8,12,40,18,11,3,15,19,55
8,13,29,12,8,24,8,16,16,8,23,15,29,17,11,10,28,11,17,10,0,10,39,21,25,8,2,62,8,22,0,12,5,6,21,20,4,0,19,3,10,14,13,7,6,151,3,6,12,32,25,21,20,8,15,45,42,11,4,6,5,9,10,9,9,6,5,32,16,0,60,29,56,14,9,15,32,11,29,29,48,0,6,3,3,20,21,7,11,39,19,12,3,13,17,53
8,13,25,9,6,24,8,17,15,9,22,14,28,18,11,9,31,10,18,8,0,10,42,21,26,7,3,60,8,18,0,12,5,6,19,21,4,0,19,3,11,12,13,8,4,143,3,6,14,30,24,21,20,9,14,45,42,12,4,6,4,9,10,8,9,6,5,31,18,0,56,31,45,13,9,15,32,11,25,31,48,0,6,4,3,18,17,6,9,36,18,11,2,15,20,52
8,12,27,9,4,23,8,19,16,8,23,15,26,17,12,9,33,10,18,7,0,8,43,22,28,7,2,63,8,17,0,12,5,6,19,21,4,0,19,3,11,13,13,8,4,140,4,6,15,25,25,21,18,9,14,44,40,11,4,6,4,13,10,10,10,6,5,35,20,0,57,31,43,11,9,15,34,12,25,32,48,0,6,5,3,20,17,8,9,33,17,10,3,14,20,57
8,11,29,9,5,21,8,20,16,8,23,13,26,17,13,8,31,10,17,9,0,8,36,20,30,6,1,60,8,17,2,12,5,5,20,20,4,0,17,3,9,9,13,9,4,135,5,6,13,25,25,20,16,9,14,43,40,12,5,6,3,14,10,7,9,6,5,35,20,0,53,32,39,11,10,15,34,12,22,32,49,0,7,6,4,18,17,8,8,29,19,7,3,12,20,52
6,10,25,9,7,20,7,16,17,7,22,12,24,16,12,8,29,10,16,11,0,7,33,19,26,6,0,44,6,19,2,11,5,4,21,20,4,0,17,3,8,10,10,10,3,129,5,8,14,25,23,19,17,9,14,42,37,13,5,6,2,13,10,7,9,6,4,35,18,0,51,32,38,8,10,17,30,13,21,33,50,0,7,11,3,17,15,8,9,31,18,7,3,10,21,44
6,11,26,9,6,19,7,16,18,7,22,12,26,15,13,8,26,10,14,9,0,7,29,19,26,6,1,52,4,19,3,11,6,4,21,20,5,0,17,3,9,10,9,12,3,133,5,5,14,24,24,18,17,9,17,45,35,12,6,6,2,14,10,8,9,7,5,33,18,0,52,29,42,9,11,15,33,14,23,35,50,0,7,12,3,19,15,8,10,32,18,6,3,8,23,47
6,11,25,6,3,16,8,16,15,7,24,12,22,14,13,9,19,11,14,6,0,7,22,20,22,6,2,46,4,18,5,11,7,3,19,19,4,0,17,2,10,9,9,15,2,119,4,5,14,25,22,14,17,9,16,43,39,14,8,7,2,14,12,9,9,7,5,33,21,0,53,30,41,17,11,18,29,12,24,23,50,0,13,12,3,20,12,6,9,46,16,8,3,10,24,52
6,11,27,6,3,17,11,17,14,6,23,12,26,14,13,8,18,11,13,7,0,7,27,20,26,5,3,40,4,19,6,11,9,2,18,19,4,0,16,3,13,10,9,15,2,118,4,7,15,26,23,12,17,11,19,45,48,14,10,7,3,14,13,10,9,9,5,36,21,0,55,31,52,17,11,19,30,12,18,23,50,0,17,12,3,23,13,7,13,58,14,12,5,8,24,53
6,9,27,6,3,19,13,18,13,5,26,10,25,14,13,8,14,8,11,9,0,7,19,18,29,4,3,37,4,18,9,11,11,2,19,20,4,0,16,2,13,10,10,18,2,116,4,6,14,28,23,11,16,11,17,43,43,13,9,4,2,14,10,9,7,8,5,34,22,0,49,25,51,11,11,19,28,11,16,22,51,0,16,13,3,22,11,5,10,56,14,11,5,8,21,46
5,7,26,6,5,23,12,18,13,5,23,10,27,15,14,8,13,7,11,8,0,7,19,23,30,4,3,40,5,20,9,11,11,3,19,21,4,0,17,2,15,10,9,21,2,123,4,5,15,30,26,10,16,10,17,45,47,14,9,4,2,15,10,9,6,8,4,34,27,0,50,24,55,16,11,19,28,11,19,25,52,0,20,14,3,23,10,5,12,63,13,12,7,8,19,46
4,7,26,7,2,23,12,17,12,6,25,10,28,15,12,8,12,8,12,7,0,7,20,22,30,4,5,37,4,16,13,7,10,3,21,22,4,0,16,2,13,11,9,19,2,125,4,4,16,26,27,10,16,9,17,45,46,10,9,4,2,14,10,9,6,7,4,32,24,0,48,27,47,10,11,19,27,10,19,26,47,0,21,14,3,23,10,5,10,64,13,13,8,8,22,45
4,6,28,6,2,21,12,16,12,5,26,8,28,14,12,9,13,8,12,5,0,6,19,22,27,4,4,41,5,13,14,6,9,4,24,21,4,0,16,2,13,11,7,15,2,120,4,4,16,25,26,9,17,9,13,46,45,8,9,4,2,14,10,10,4,6,4,33,23,0,49,31,44,9,11,19,27,10,19,25,47,0,19,14,3,23,12,5,9,64,12,13,7,10,20,47
4,8,29,7,2,21,11,17,12,5,26,8,31,14,12,9,13,8,12,6,0,7,12,22,25,4,4,37,5,12,9,6,9,5,26,19,4,0,16,2,14,13,7,15,2,102,5,4,15,26,28,9,16,10,13,48,44,7,7,4,1,14,10,10,4,6,4,34,23,0,53,29,49,11,10,19,26,10,21,25,49,0,20,14,3,25,12,5,9,64,13,14,3,10,21,49
6,12,32,7,2,23,10,17,12,7,25,9,32,14,11,9,13,8,12,4,0,7,9,23,28,4,4,34,5,11,9,6,8,5,25,21,4,0,16,2,14,13,9,14,2,95,5,4,15,27,30,8,16,9,14,47,42,7,7,4,1,13,10,9,4,5,3,34,21,0,51,23,40,10,10,17,25,8,21,25,48,0,19,14,3,23,12,5,9,58,13,13,3,10,20,46
6,12,29,6,0,24,10,17,12,8,27,9,34,13,8,10,13,7,13,6,0,6,8,23,30,4,3,30,5,12,10,7,5,5,23,21,4,0,15,2,14,13,9,13,2,99,5,8,16,30,27,7,14,10,12,46,44,7,7,4,1,12,11,8,4,5,3,34,19,0,47,23,38,10,8,15,20,9,21,23,47,0,16,14,3,20,14,5,9,47,12,12,3,9,16,44
6,15,27,6,2,23,9,17,12,8,26,9,28,11,8,10,13,7,13,3,0,6,9,24,27,4,3,32,5,11,12,10,5,6,22,19,4,0,14,2,15,12,8,13,2,100,6,3,15,26,28,7,14,12,17,46,43,9,7,4,1,11,8,8,4,5,4,38,20,0,45,22,36,11,8,15,17,8,19,23,51,0,14,15,3,20,14,5,9,37,12,11,3,9,16,45
7,16,29,7,2,24,11,17,10,7,23,10,28,12,8,9,13,10,13,4,0,6,8,25,26,5,1,33,4,12,12,10,4,6,24,19,3,0,13,2,14,13,10,15,2,94,5,2,14,25,28,7,14,11,14,46,40,9,7,4,1,8,8,8,4,2,2,37,20,0,43,24,36,15,8,16,16,10,16,23,51,0,14,17,3,21,13,6,8,38,12,10,4,10,19,49
8,17,31,8,2,20,13,20,11,8,23,9,32,14,8,9,10,9,14,2,0,6,7,23,29,5,2,32,5,13,10,9,4,6,22,20,3,0,15,2,14,14,10,17,3,93,5,2,15,25,27,7,14,12,13,45,37,9,9,5,1,8,9,6,4,2,2,38,18,0,47,28,43,15,8,17,19,10,17,19,52,0,17,20,3,22,13,6,8,35,13,10,5,10,17,46
10,16,30,7,2,20,12,25,11,7,23,13,32,13,8,10,11,9,14,3,0,6,12,24,28,6,2,37,7,11,8,9,7,8,22,22,4,0,17,1,15,16,10,16,3,108,8,2,18,25,27,9,15,15,16,50,46,10,12,6,3,9,11,8,6,3,3,38,20,0,46,31,43,19,8,19,24,11,18,19,53,0,14,27,3,25,18,6,8,37,15,11,5,10,15,56
10,14,29,7,3,23,13,21,12,6,20,15,30,12,9,10,13,11,14,1,0,6,11,22,25,5,1,39,8,14,6,9,7,9,14,22,4,0,17,1,18,15,9,17,3,117,8,3,17,22,27,7,18,16,14,51,52,10,15,7,3,8,10,7,6,2,3,39,20,0,49,37,61,24,7,17,30,12,18,20,55,0,19,30,3,24,19,4,8,39,16,13,5,11,16,58
11,16,27,7,4,23,14,20,13,7,21,20,31,15,8,10,14,12,14,3,0,6,12,22,24,5,1,46,8,17,7,9,7,12,17,23,5,0,17,1,17,16,10,16,3,123,10,2,19,22,27,8,19,19,14,51,57,12,17,6,4,8,10,8,8,2,3,43,21,0,53,40,76,26,7,17,33,12,18,21,58,0,20,33,3,24,22,4,8,42,18,19,5,13,18,61
13,16,27,7,4,22,13,20,15,7,23,13,31,15,7,11,14,14,14,2,0,7,11,22,24,4,0,46,7,19,7,10,10,11,16,25,5,0,17,1,17,16,10,17,3,121,10,3,20,20,28,8,18,23,15,53,58,11,19,7,5,8,8,7,7,2,4,42,23,0,49,37,72,21,7,19,38,11,19,22,55,0,21,30,3,25,22,4,8,38,19,18,6,15,17,58
11,20,30,8,1,21,13,21,16,7,22,13,33,14,7,9,15,15,14,5,0,6,10,24,25,4,0,46,6,21,7,11,10,11,16,24,3,0,18,0,16,17,9,19,4,114,11,3,18,21,29,9,18,24,15,50,51,12,17,5,5,9,8,6,6,3,5,40,21,0,52,37,70,17,7,20,36,9,20,26,56,0,20,31,3,25,22,4,8,37,18,17,6,13,20,57
11,19,32,9,1,24,12,21,16,9,21,13,33,14,7,8,16,14,14,3,0,6,10,23,27,4,0,39,6,22,8,12,10,10,16,24,3,0,18,0,17,19,9,16,4,117,9,3,19,20,29,7,17,24,16,52,54,12,17,5,5,10,8,6,7,4,5,39,19,0,49,38,70,16,7,19,33,9,20,25,58,0,20,28,3,25,22,4,8,40,20,16,6,11,21,59
11,18,37,10,1,26,12,23,18,10,20,12,31,13,7,8,18,17,15,4,0,6,12,25,27,3,1,37,6,21,9,14,11,9,16,25,3,0,19,0,16,21,9,14,5,122,11,4,19,20,31,9,19,23,16,54,52,13,18,7,6,10,8,6,7,4,5,39,20,0,49,39,70,18,7,20,37,11,20,25,56,0,22,28,3,22,22,4,8,43,18,16,6,11,20,55
12,20,38,11,2,26,10,23,18,10,23,15,33,14,7,8,20,14,14,4,0,6,12,27,26,3,1,39,6,18,9,14,11,10,18,25,3,0,18,0,15,22,12,11,6,123,10,3,18,19,34,9,19,24,18,53,53,13,19,8,6,8,8,6,7,4,5,40,18,0,50,42,68,16,7,19,39,13,19,24,57,0,15,15,2,24,23,4,9,47,18,15,7,12,20,59
11,18,40,13,2,25,11,24,18,10,24,14,30,11,7,8,17,14,15,4,0,6,11,24,24,3,0,37,6,17,10,14,12,13,19,24,4,0,17,0,12,22,11,11,6,124,11,2,19,20,35,10,19,24,18,49,53,13,18,7,6,8,8,5,7,3,5,34,20,0,49,38,63,18,7,20,39,13,17,20,60,0,15,16,2,25,23,5,7,45,16,15,8,11,20,58
11,18,36,11,1,24,11,23,19,10,24,14,29,10,7,9,15,12,15,4,0,6,12,22,25,4,0,34,6,13,12,13,11,14,17,22,4,0,16,0,14,21,11,12,6,129,12,2,18,18,34,9,19,23,16,50,49,11,20,7,6,8,9,5,7,3,6,34,20,0,47,39,55,17,7,21,39,13,17,17,63,0,15,17,2,22,25,4,7,40,18,15,6,11,19,60
11,17,34,11,2,22,10,24,19,10,23,15,26,11,8,9,15,13,16,4,0,6,12,22,24,5,0,39,6,13,13,11,12,13,18,21,4,0,16,1,14,21,12,14,7,127,12,2,17,20,35,7,20,26,17,53,49,12,23,8,6,8,9,4,8,4,6,35,19,0,53,42,52,22,8,21,37,15,17,17,64,0,17,21,1,23,25,4,8,45,19,13,8,12,21,58
9,16,33,11,5,26,11,21,19,10,24,15,26,13,8,8,15,17,15,8,0,6,12,20,26,5,1,40,5,16,8,12,12,13,20,22,4,0,16,1,15,21,14,14,6,139,12,1,18,21,31,6,19,28,16,51,56,11,25,8,6,8,9,5,7,5,6,37,18,0,57,47,53,22,8,20,40,14,18,19,62,0,17,25,2,25,26,4,8,54,19,15,7,11,23,58
8,12,32,10,3,26,13,21,18,10,18,16,25,13,8,8,12,16,10,5,0,6,15,19,26,5,1,41,4,18,3,11,13,13,23,22,4,0,16,1,13,18,15,12,6,144,11,1,21,22,31,5,21,33,19,50,53,12,27,6,6,8,11,5,7,8,8,37,18,0,55,48,58,26,9,21,40,16,18,20,65,0,19,23,2,26,27,4,7,62,16,15,7,12,26,59
9,13,29,10,1,24,15,20,18,10,17,14,24,14,8,9,13,17,10,7,0,6,15,17,23,6,1,43,4,14,6,12,10,13,25,22,4,0,15,1,11,19,14,17,6,146,10,3,21,21,31,5,21,33,21,50,49,13,28,6,6,7,10,3,6,7,6,37,18,0,59,46,57,25,8,22,43,13,15,20,62,0,23,23,2,23,26,4,6,66,14,14,6,12,27,58
9,13,27,9,1,24,12,20,17,11,16,14,26,13,8,8,13,16,10,8,0,6,17,17,23,5,3,45,4,13,11,12,10,13,25,23,6,0,15,1,12,17,11,17,7,162,10,3,22,22,31,5,21,47,26,56,54,14,39,6,7,9,16,3,6,7,7,41,19,0,62,47,61,26,8,23,42,12,15,20,65,0,21,25,2,27,25,4,7,82,14,14,5,12,28,59
8,12,26,8,1,25,13,18,19,5,16,14,26,13,8,8,13,16,10,7,0,6,17,17,25,5,3,41,4,14,14,13,8,12,24,22,4,0,14,2,12,18,10,18,8,163,10,5,21,22,31,5,21,49,20,48,50,9,43,5,6,11,13,3,6,6,5,45,19,0,59,45,64,29,8,21,44,12,17,20,57,0,17,25,3,24,23,4,8,80,14,12,5,12,23,60
8,12,27,9,1,24,9,18,18,5,17,15,27,13,8,8,11,16,10,7,0,6,17,17,22,4,3,45,4,14,14,14,8,11,23,22,3,0,13,0,11,18,10,17,8,157,11,3,21,22,30,5,21,42,19,46,50,9,42,5,6,10,12,3,6,5,5,44,14,0,59,45,66,30,8,21,43,13,17,19,57,0,15,22,3,24,23,4,5,78,14,12,5,12,21,60
8,12,27,8,2,23,9,18,18,5,19,15,26,12,8,8,11,17,11,7,0,6,20,17,21,4,3,48,4,11,18,14,8,12,24,22,2,0,13,0,12,18,9,17,7,159,10,3,21,20,30,5,19,41,21,46,54,9,44,5,7,10,11,4,6,6,5,47,15,0,56,42,64,28,9,20,43,14,18,19,59,0,15,21,2,23,20,4,4,78,16,11,5,14,21,63
9,12,27,7,3,23,10,17,19,6,20,16,28,15,11,9,12,18,11,6,0,6,21,17,22,4,2,49,4,10,17,14,8,12,24,23,2,0,15,0,14,17,9,16,7,164,10,3,21,20,27,5,20,41,20,45,50,9,45,5,7,10,13,6,7,6,5,47,15,0,57,42,62,30,13,20,42,14,18,19,62,0,15,18,2,22,20,5,5,73,16,10,5,15,21,62
8,12,28,8,2,23,13,17,19,6,20,15,30,15,11,9,12,18,11,5,0,6,23,18,22,4,1,48,4,7,19,14,7,12,24,22,2,0,15,0,17,16,10,16,7,168,10,3,20,20,30,5,20,43,20,42,46,9,45,5,7,11,13,6,7,7,5,45,15,0,57,41,66,24,14,21,43,12,19,21,61,0,15,17,2,22,19,5,5,65,13,10,6,15,22,62
8,12,29,8,2,21,12,17,18,6,23,15,31,14,10,8,12,20,11,4,0,6,23,18,21,4,1,43,4,7,18,14,7,11,21,23,2,0,14,0,18,16,10,16,7,158,8,2,22,15,35,5,19,50,19,46,45,9,48,4,6,10,13,9,9,8,5,44,14,0,55,41,56,23,14,21,43,10,18,20,60,0,13,14,2,21,22,5,4,55,13,10,5,15,23,62
8,12,27,8,2,21,9,17,17,6,22,16,29,15,10,7,9,18,11,2,0,6,22,16,22,4,1,44,3,8,17,12,7,11,18,23,2,0,15,1,16,16,9,16,6,158,7,2,20,14,33,4,18,49,17,46,42,7,46,2,7,9,13,6,8,8,5,43,13,0,55,39,51,23,13,20,44,10,19,20,54,0,13,14,2,21,20,5,5,40,14,10,5,14,23,61
8,10,26,8,2,22,7,17,16,6,19,15,30,16,10,6,9,16,11,2,0,6,22,16,22,4,1,44,3,6,13,13,7,11,17,23,2,0,13,0,14,16,9,12,6,146,8,2,21,14,32,4,16,51,17,46,41,7,48,3,9,8,13,7,7,8,8,37,12,0,49,40,51,25,12,22,44,9,21,19,56,0,13,10,2,22,22,4,3,35,16,10,7,14,23,60
8,10,26,8,2,23,6,17,16,6,20,14,29,16,10,6,9,15,11,4,0,6,25,16,23,4,2,46,3,7,3,13,8,10,20,22,2,0,13,0,16,17,10,8,5,143,8,2,20,12,33,4,15,50,16,47,40,6,47,3,8,8,12,6,7,9,7,36,12,0,50,39,62,28,10,23,45,9,20,19,58,0,14,13,2,21,22,4,3,34,14,9,7,14,25,66
8,11,25,8,3,23,7,17,17,6,21,19,31,15,8,5,9,17,11,6,0,6,26,16,24,4,1,51,3,6,2,14,8,8,21,22,2,0,13,0,11,16,11,5,5,149,9,2,17,9,31,4,17,49,15,51,51,6,47,4,7,8,12,6,7,6,7,36,13,0,49,41,58,28,10,25,46,8,19,20,56,0,14,21,2,22,22,4,6,34,13,8,9,14,25,70
8,9,25,7,2,22,7,17,17,6,20,13,24,14,8,5,10,16,10,7,0,6,28,15,23,4,1,42,3,4,2,14,8,6,18,21,2,0,12,0,11,15,11,5,5,154,10,2,13,9,31,3,15,50,15,50,45,7,46,2,7,8,9,6,6,6,7,36,18,0,48,39,56,32,10,25,45,7,19,18,53,0,16,27,3,22,20,4,4,40,11,9,10,13,27,65
8,9,24,7,2,21,7,17,17,3,20,15,23,12,7,5,11,14,10,6,0,6,30,14,26,4,2,44,3,3,3,14,8,6,17,22,2,0,12,0,13,15,11,5,5,158,9,2,8,10,30,3,15,47,15,49,44,7,46,2,7,8,8,6,6,6,8,36,19,0,51,39,63,36,9,25,45,8,20,20,54,0,14,27,3,23,20,4,3,43,11,8,11,14,25,66
7,9,24,7,5,21,8,17,17,3,20,15,23,10,6,4,11,12,10,7,0,6,33,13,26,3,2,46,2,4,3,14,8,7,16,20,2,0,12,1,15,16,12,5,4,162,10,2,6,10,31,3,15,46,13,46,42,7,45,2,8,8,7,5,7,6,8,35,20,0,48,38,55,30,9,28,43,7,20,18,52,0,12,26,3,20,20,4,3,41,11,8,10,14,26,65
6,8,25,6,5,21,7,18,17,3,20,15,22,7,6,4,11,11,10,9,0,6,31,12,26,3,2,46,2,3,4,14,6,7,16,20,1,0,13,1,13,16,13,6,4,168,9,3,7,10,32,3,14,47,14,44,42,7,47,2,7,6,7,5,7,4,9,35,22,0,48,37,55,31,9,27,43,7,19,18,54,0,14,27,3,21,20,4,2,41,12,9,11,15,23,66
5,9,25,5,5,19,8,17,16,3,21,14,24,7,6,4,12,12,10,6,0,6,32,12,22,3,2,47,2,4,4,15,6,7,16,20,1,0,12,1,12,15,12,7,3,164,7,5,7,8,30,4,13,46,15,47,42,6,47,2,7,6,7,5,6,4,8,31,21,0,45,34,51,28,9,22,42,7,19,19,52,0,11,26,2,20,21,4,1,40,14,8,10,13,23,63
5,9,27,4,5,19,8,17,16,2,20,14,21,7,6,3,9,12,10,6,0,6,34,12,22,3,2,47,1,3,2,15,6,7,18,17,1,0,11,1,12,14,11,7,3,175,8,6,8,9,30,4,11,44,14,46,42,6,46,2,8,5,6,4,6,4,8,31,23,0,41,35,47,27,9,22,40,7,18,20,46,0,10,26,1,21,21,4,2,37,14,9,9,14,20,64
4,5,23,4,5,16,5,17,13,2,18,15,21,7,5,3,8,10,8,5,0,6,37,12,20,2,3,44,1,3,1,14,6,7,15,15,1,0,10,1,12,13,10,6,4,171,8,7,7,9,27,3,11,44,13,38,36,5,45,1,5,4,5,4,6,4,6,28,21,0,39,32,46,21,9,22,36,7,16,19,45,0,6,25,1,21,21,4,2,32,15,8,10,14,14,56
2,5,20,5,5,17,4,18,10,1,18,14,15,7,4,3,7,7,3,6,0,5,38,11,19,0,1,39,1,6,1,10,5,7,16,8,2,0,9,1,11,13,10,6,5,168,8,5,6,9,26,3,9,43,13,35,35,4,44,1,5,4,4,4,4,4,6,28,18,0,39,29,40,21,8,21,29,7,16,20,42,0,5,25,0,16,18,4,0,21,13,7,9,15,10,53
2,7,21,5,7,18,3,17,10,2,19,14,13,9,4,3,7,5,3,5,0,4,40,12,20,0,2,40,1,4,1,11,5,7,17,7,2,0,8,1,10,13,11,5,3,159,7,5,6,9,28,2,8,39,13,32,32,4,44,1,6,4,4,3,4,3,3,22,18,0,41,29,38,19,8,15,16,7,10,18,40,0,5,25,0,14,18,3,0,14,13,6,10,11,9,50
1,8,23,5,5,23,3,16,10,1,21,13,17,9,4,4,5,5,3,5,0,4,48,12,21,0,2,43,1,5,0,11,5,4,15,6,2,0,6,0,11,13,9,5,3,170,5,8,6,5,27,2,7,37,12,35,31,4,39,2,5,4,3,4,4,3,2,21,19,0,48,34,41,22,10,13,13,7,10,19,39,0,5,25,0,11,19,3,0,12,13,5,10,7,9,52
1,8,23,3,4,20,3,16,10,1,18,14,19,7,4,3,6,6,3,4,0,4,47,12,23,0,2,45,0,4,0,10,5,4,14,6,2,0,6,0,12,12,9,5,3,172,4,4,6,5,26,4,8,21,13,36,34,2,36,2,5,3,4,3,3,4,2,19,20,0,50,36,43,21,9,12,10,6,9,19,38,0,5,25,0,12,20,3,2,11,13,6,10,8,13,50
1,7,21,3,8,21,2,16,10,1,18,14,20,8,4,2,6,7,2,4,0,4,52,10,20,0,1,49,0,4,0,7,4,4,14,6,2,0,6,0,11,13,8,4,3,175,3,3,5,5,25,4,8,7,9,35,35,4,18,3,2,2,2,3,7,3,2,12,21,0,49,37,52,23,9,11,11,6,12,18,36,0,7,27,0,12,19,3,1,10,13,6,10,9,11,47
1,6,22,3,10,23,2,15,9,1,17,13,20,8,4,2,6,9,2,4,0,4,56,9,20,0,1,45,0,2,1,6,3,2,15,5,2,0,4,0,12,14,7,4,3,184,4,3,6,5,24,4,8,4,3,25,26,2,3,2,1,1,1,2,3,0,1,12,15,0,48,32,56,20,9,10,7,6,9,17,31,0,6,15,0,11,17,2,0,13,12,5,8,12,9,39
1,6,21,4,13,24,2,14,9,1,18,15,23,9,4,2,7,9,1,5,0,4,63,9,20,0,1,45,0,2,0,6,3,2,16,6,2,0,4,0,10,12,7,4,3,192,6,3,6,5,25,4,10,4,2,21,25,2,2,2,1,1,1,2,3,0,0,12,15,0,54,28,60,18,9,11,6,5,5,16,30,0,5,23,0,7,18,2,0,11,11,5,7,9,8,36
2,6,17,3,14,24,1,14,10,0,17,14,26,9,5,2,7,9,1,3,0,4,68,9,21,0,2,43,0,2,0,5,3,4,15,6,3,0,4,0,9,12,6,3,1,192,6,4,6,5,24,4,9,4,2,20,23,3,2,2,1,1,1,2,2,0,0,12,12,0,53,29,55,17,9,7,4,4,5,16,30,0,5,21,0,8,15,2,0,10,9,5,4,6,8,37
1,8,14,3,13,21,1,13,9,0,15,15,20,10,4,2,6,7,1,2,0,4,56,9,19,0,1,35,0,2,0,3,3,4,14,5,3,0,3,0,10,13,7,2,0,174,7,3,6,5,22,4,8,4,3,21,20,3,1,2,1,1,1,2,2,0,0,11,8,0,53,27,59,17,9,4,2,3,5,14,28,0,4,19,0,8,9,2,0,8,9,5,2,6,8,33
1,7,13,3,14,22,1,12,9,0,12,15,20,9,4,3,5,7,1,5,0,4,57,8,19,0,1,38,0,2,0,1,3,4,3,5,3,0,3,0,10,14,7,2,0,175,4,4,5,3,22,5,8,4,2,20,20,3,1,2,1,1,1,2,2,1,0,11,8,0,50,29,66,18,9,5,3,4,3,13,26,0,4,17,0,8,9,2,0,8,8,5,4,5,10,36
1,5,10,3,14,22,1,12,9,0,13,11,21,9,4,2,5,6,1,6,0,4,39,8,18,0,2,35,0,2,0,1,3,2,5,5,2,0,3,0,12,12,7,2,1,167,4,3,5,3,22,5,7,4,1,17,18,4,1,2,1,1,1,2,2,0,0,11,8,0,42,28,62,17,8,5,2,4,3,13,23,0,4,17,0,8,6,2,0,10,8,6,4,5,13,28
1,5,10,3,5,20,1,13,7,0,12,12,20,9,4,2,7,5,1,3,0,6,39,9,19,1,2,34,0,3,0,2,3,0,4,4,1,0,4,0,10,8,7,2,3,165,4,3,5,3,22,5,7,4,0,18,15,2,1,2,1,1,1,1,2,0,0,10,7,0,41,25,63,17,7,5,2,3,3,9,21,0,3,18,0,8,5,2,0,9,6,5,3,5,13,28
1,6,10,2,4,17,1,8,7,0,12,10,19,6,4,2,9,6,1,2,0,6,35,8,19,1,2,25,0,4,0,2,3,1,3,4,1,0,4,0,12,8,7,2,4,153,5,3,5,4,21,5,7,4,0,19,15,2,1,2,1,1,2,1,2,0,0,9,8,0,35,24,51,16,8,2,3,4,2,9,20,0,5,18,0,6,5,2,0,8,6,5,2,6,12,22
1,8,7,0,4,18,1,9,7,0,12,11,22,6,4,2,8,4,1,3,0,6,38,8,19,1,2,26,0,4,0,2,3,2,3,4,1,0,4,0,10,8,7,2,4,155,6,4,6,3,20,5,7,3,0,19,17,4,1,2,1,1,1,2,2,0,0,10,8,0,36,26,53,18,8,2,5,6,3,9,20,0,8,19,0,7,6,2,0,6,6,5,2,7,13,22
1,6,7,0,4,15,0,8,7,0,11,11,14,6,4,2,9,4,1,3,0,6,43,7,18,1,3,30,0,4,0,1,4,2,7,4,1,0,4,0,9,9,5,2,4,160,6,4,6,3,16,5,7,3,1,17,26,7,0,4,1,1,1,2,5,0,0,9,6,0,38,23,59,22,8,5,4,3,3,10,16,0,9,18,0,10,6,2,0,19,6,3,2,5,14,23
1,6,8,0,9,16,2,6,6,0,12,12,14,6,4,2,8,5,2,4,0,5,32,7,22,1,1,34,0,3,0,2,4,2,8,4,1,0,4,0,8,8,6,2,4,152,6,4,5,3,14,4,7,3,2,16,16,11,0,3,1,1,1,1,3,0,0,9,5,0,37,22,57,18,9,7,5,2,2,6,19,0,7,10,0,4,5,2,0,18,7,1,3,8,13,25
1,5,8,0,11,15,2,6,5,0,10,13,15,6,5,4,9,5,1,5,0,5,44,6,24,1,1,45,0,3,0,1,4,2,9,4,1,0,3,0,7,8,5,2,5,158,10,3,5,4,13,3,7,3,3,16,15,12,0,3,1,1,1,1,2,0,0,9,4,0,33,25,53,18,9,5,7,3,1,6,19,0,8,11,0,4,6,2,2,22,5,1,2,9,13,25
1,4,8,1,11,14,2,6,5,0,9,11,14,6,5,4,9,6,2,5,0,5,35,8,23,1,1,40,0,3,0,1,4,1,7,4,1,0,3,0,7,8,7,2,5,151,8,3,4,4,12,2,7,2,2,16,12,12,0,2,1,1,1,1,2,0,0,9,4,0,30,22,47,13,9,4,7,3,1,6,17,0,9,9,0,4,5,2,1,23,4,1,1,8,13,20
1,3,7,1,9,14,2,6,5,0,9,12,15,6,5,3,9,6,1,6,0,6,30,9,25,1,1,38,0,4,0,1,4,1,7,4,1,0,3,0,6,9,7,3,5,152,8,3,4,4,12,2,6,2,2,16,12,12,0,2,1,1,1,1,4,0,0,10,4,0,31,21,45,14,9,4,7,4,1,5,16,0,9,9,0,2,5,2,1,24,4,0,1,8,14,21
1,3,7,1,7,17,2,6,5,0,8,11,17,6,4,3,8,6,2,6,0,5,27,10,24,1,1,35,0,3,0,1,4,1,7,3,1,0,3,0,7,9,8,3,4,133,6,2,4,4,16,2,6,2,2,16,11,12,0,1,1,1,1,1,4,0,0,11,2,0,23,17,30,9,9,3,7,4,1,4,16,0,9,8,0,2,6,2,0,22,4,0,1,8,9,19
1,2,6,0,6,17,3,6,5,0,8,10,16,5,4,3,6,5,1,5,0,5,22,10,22,1,2,33,1,3,0,1,4,1,7,3,1,0,3,0,8,7,8,3,2,128,6,2,4,4,16,2,7,2,4,17,10,12,0,2,1,1,1,2,2,0,0,11,1,0,27,17,37,10,9,4,7,4,1,5,15,0,10,6,0,4,5,2,0,26,4,0,2,8,6,20
1,3,6,0,5,16,3,5,4,0,8,8,12,4,5,3,5,4,1,4,0,4,22,9,19,1,1,36,0,3,0,1,4,0,5,3,1,0,3,0,10,6,6,2,2,116,5,1,4,4,17,2,7,1,4,15,7,12,0,3,1,1,1,1,2,1,0,12,1,0,26,19,39,12,9,3,4,4,2,4,14,0,8,3,0,4,5,2,0,23,4,0,2,8,5,17
3,1,6,1,6,19,3,6,4,0,8,8,16,5,5,4,5,4,2,3,0,4,21,9,20,2,1,35,0,6,0,2,4,1,4,4,2,0,3,1,10,7,7,2,2,117,3,1,5,5,17,2,5,1,3,16,5,11,0,2,1,2,1,1,3,0,0,12,2,0,25,16,34,10,8,3,6,4,2,5,13,0,7,3,0,4,5,2,0,15,4,0,2,9,6,18
3,1,6,1,4,19,2,6,4,0,9,8,15,6,5,4,5,2,2,2,0,4,16,8,21,2,1,27,0,5,0,2,4,2,4,4,2,0,3,1,9,7,6,2,2,99,3,1,5,5,16,2,5,2,3,16,3,11,0,3,1,2,1,1,3,0,0,13,2,0,23,13,32,10,8,2,4,4,2,5,12,0,6,3,0,2,5,2,0,12,4,0,2,9,5,18
3,0,6,1,3,20,2,7,5,0,8,7,13,6,5,3,4,2,2,2,0,4,14,7,17,2,1,21,0,3,0,2,4,2,4,4,1,0,3,1,9,7,6,2,1,80,3,1,5,5,16,2,5,2,4,17,3,12,0,2,1,2,1,1,3,0,0,13,2,0,16,14,27,11,8,3,4,4,2,5,12,0,3,4,0,2,5,2,0,5,4,0,2,9,4,17
3,1,6,1,0,19,2,7,5,0,8,9,13,5,5,3,6,3,2,2,0,4,9,7,15,2,1,22,0,3,0,2,5,2,4,4,1,0,3,1,8,5,5,2,1,73,5,1,5,5,16,2,5,2,4,17,3,12,0,2,1,2,1,1,3,0,0,13,2,0,14,15,24,8,7,4,2,2,2,5,13,0,2,4,0,2,5,2,0,3,4,0,2,9,5,17
3,1,6,1,0,18,2,7,5,0,9,11,12,5,5,3,4,3,2,3,0,4,9,8,15,2,3,23,0,4,0,2,5,2,5,4,1,0,3,1,6,5,7,3,1,66,4,1,5,5,18,2,4,2,4,17,3,12,0,2,1,2,1,1,3,0,0,11,2,0,13,12,21,7,7,4,2,2,3,5,13,0,2,4,0,2,6,2,0,3,4,0,2,9,3,12
3,1,6,1,0,17,2,7,5,0,9,7,12,6,5,4,4,3,2,2,0,4,8,8,16,2,3,22,0,4,0,2,6,2,4,4,1,0,3,1,6,4,7,3,1,63,5,1,6,5,19,2,4,2,4,17,3,12,0,2,1,1,1,1,3,0,0,10,2,0,13,11,19,7,7,5,3,3,1,5,13,0,2,4,0,1,5,2,0,4,4,0,4,8,3,11
3,0,6,1,0,18,2,7,5,0,9,8,12,6,5,4,4,3,2,2,0,4,11,7,16,2,3,21,0,4,0,2,6,3,5,4,1,0,3,1,6,4,7,4,1,64,3,2,6,5,18,2,4,2,4,19,3,12,0,4,1,1,1,1,3,0,0,10,2,0,13,13,23,8,7,3,4,3,2,5,12,0,2,4,0,2,5,2,0,4,4,0,3,10,3,12
2,1,6,1,1,15,2,7,3,0,9,7,11,6,5,4,5,3,2,3,0,4,10,7,18,2,3,22,0,4,0,1,6,3,5,4,1,0,3,1,5,4,6,4,1,63,3,2,6,5,18,2,4,2,4,16,3,12,0,1,1,1,1,1,3,0,0,10,1,0,16,13,21,9,6,3,2,3,1,6,12,0,2,3,0,2,4,2,1,2,4,1,3,10,3,12
2,2,7,1,1,15,1,7,4,0,10,7,12,6,5,4,4,3,2,2,0,4,11,9,16,2,3,24,1,4,0,1,7,2,7,4,1,0,3,1,6,4,7,4,1,66,4,2,6,5,19,2,4,2,4,20,3,11,0,1,1,1,1,1,3,0,0,9,2,0,17,14,21,7,6,3,2,3,1,5,13,0,2,4,0,1,6,2,1,2,4,1,2,7,2,12
2,0,6,1,1,15,1,7,4,0,11,9,12,6,4,5,4,3,2,2,0,4,13,10,17,2,3,23,0,4,1,1,6,2,7,4,1,0,3,1,9,4,8,4,1,64,4,2,6,5,20,2,4,2,5,18,3,11,0,1,1,1,1,2,3,0,0,9,1,0,18,14,19,9,6,3,2,3,1,6,13,0,1,3,0,1,4,2,1,3,4,1,2,8,3,10
2,1,6,1,1,13,2,7,4,0,14,9,10,6,4,2,4,3,2,2,0,4,9,8,18,2,3,24,0,5,1,1,6,2,7,4,1,0,3,1,7,4,8,5,1,70,4,2,6,5,20,2,4,2,4,19,4,11,0,1,1,1,1,1,3,0,0,9,2,0,13,15,18,9,4,3,2,4,1,6,12,0,1,3,0,2,5,2,1,4,4,1,4,7,3,8
2,0,6,1,0,14,1,7,5,1,14,8,7,6,4,3,4,2,3,2,0,4,7,8,17,2,2,22,1,5,1,1,6,2,7,4,1,0,4,1,7,4,8,5,1,65,4,2,5,5,21,2,4,2,4,18,4,9,0,1,1,1,1,1,3,0,0,9,1,0,13,13,17,8,4,3,2,4,1,5,12,0,1,3,0,1,5,2,1,4,3,1,2,5,1,9
2,1,5,1,0,13,1,7,3,0,14,7,8,5,4,3,4,2,3,3,0,4,5,7,18,2,2,23,1,4,1,1,4,2,7,4,1,0,3,1,7,4,8,5,1,69,4,2,5,5,20,2,4,2,5,16,4,6,1,1,2,1,1,1,3,0,0,9,1,0,12,10,18,8,4,3,2,4,1,5,15,0,2,4,0,1,3,2,1,4,2,0,4,4,1,5
2,0,5,1,0,20,2,7,4,1,13,7,9,6,4,3,5,2,2,2,0,5,7,7,15,2,3,23,1,4,1,1,4,2,7,4,1,0,3,1,9,4,8,5,2,78,4,2,5,4,20,2,4,2,4,30,5,7,1,2,3,1,1,1,3,0,3,9,2,0,18,12,22,11,4,4,2,4,2,6,18,0,3,5,0,3,9,2,1,7,2,0,11,10,1,14
2,0,5,1,2,17,1,6,4,1,13,7,11,6,4,3,6,2,2,2,0,5,9,5,14,2,2,23,1,4,4,1,4,2,8,4,1,0,3,1,11,5,8,5,2,79,4,3,5,4,20,2,4,1,4,14,5,4,1,1,2,1,1,2,3,0,0,8,3,0,19,9,22,11,4,3,2,4,1,6,18,0,3,5,0,0,2,2,1,6,1,0,3,5,3,8
2,0,5,1,0,16,1,6,4,0,13,6,12,6,3,3,9,2,2,2,0,4,11,5,12,2,2,20,1,4,4,1,6,2,8,4,1,0,3,1,8,5,8,5,2,72,4,2,5,4,20,2,4,1,3,13,4,3,1,0,2,1,1,1,3,0,0,8,3,0,12,9,21,11,4,3,2,4,2,5,16,0,4,5,0,1,2,2,1,6,2,0,3,2,3,7
2,0,5,1,0,16,1,6,3,0,13,6,12,6,3,3,7,1,2,1,0,4,9,5,14,2,3,17,1,3,4,1,6,2,8,4,1,0,3,1,9,5,8,5,2,73,4,2,4,3,20,2,4,1,3,14,4,3,1,0,3,1,1,1,3,0,0,8,3,0,12,10,18,10,3,2,2,4,1,5,14,0,5,5,0,1,2,2,2,3,2,1,3,3,4,8
2,0,5,1,1,15,1,6,3,0,13,5,10,6,3,3,6,1,2,2,0,4,7,5,13,2,2,14,1,3,3,1,6,2,7,4,1,0,3,1,9,4,8,5,2,66,4,2,4,3,18,2,4,1,3,15,4,3,1,0,2,1,1,1,3,0,0,8,2,0,12,9,19,9,3,2,2,4,1,5,14,0,4,4,0,0,2,2,2,3,1,1,3,3,3,8
2,0,6,2,1,16,1,6,2,0,10,5,9,6,4,2,5,1,2,1,0,4,4,4,13,2,0,13,0,3,3,1,6,2,5,4,1,0,2,0,8,4,7,5,2,64,4,2,4,3,16,2,4,1,2,14,3,2,1,0,2,3,1,2,4,2,0,8,2,0,13,11,21,8,2,2,2,4,2,5,14,0,4,4,0,0,3,2,2,3,1,1,3,4,4,13
2,0,6,1,0,14,1,6,2,0,9,5,7,6,4,1,5,1,2,1,0,4,4,4,9,2,0,12,0,3,3,1,6,2,4,3,1,0,2,0,6,4,6,5,2,61,4,2,4,3,14,2,4,2,1,14,3,0,1,0,2,1,1,1,3,0,0,9,2,0,11,7,17,7,3,2,2,4,1,5,10,0,4,4,0,0,2,2,2,3,1,1,3,3,3,8
2,0,6,1,0,15,1,6,2,0,11,7,7,6,4,1,6,2,2,1,0,5,4,5,10,2,0,15,0,3,3,1,6,2,4,3,1,0,2,0,6,4,6,5,2,60,4,2,4,4,15,2,4,1,1,13,5,1,1,0,2,1,1,1,3,0,0,8,2,0,11,6,14,8,2,2,3,4,1,5,12,0,4,4,0,1,1,2,2,3,1,1,3,3,3,8
2,0,6,1,0,15,0,6,2,0,10,6,7,6,3,1,5,2,2,1,0,4,3,5,9,2,0,13,0,3,2,1,6,2,3,3,1,0,2,0,6,4,6,4,2,46,4,2,4,4,14,2,4,1,1,13,4,1,1,0,2,1,1,0,3,0,0,8,2,0,8,6,12,4,3,2,3,4,1,5,9,0,5,4,0,0,1,2,2,2,1,1,2,3,3,5
2,0,6,1,0,15,0,6,2,0,10,5,7,5,3,1,3,2,2,2,0,4,3,6,9,2,0,14,0,3,2,1,6,1,3,3,1,0,2,0,6,4,5,4,1,35,4,1,4,4,17,2,4,1,1,13,4,1,1,0,3,1,1,0,3,0,0,7,2,0,8,6,9,2,3,2,2,4,1,5,8,0,5,5,0,0,1,2,2,2,1,1,2,3,4,5
2,0,6,2,0,15,1,6,2,0,10,7,6,5,3,1,2,3,2,2,0,4,1,6,8,2,1,15,0,3,2,1,6,1,4,3,1,0,2,0,5,4,5,3,1,33,4,1,4,4,15,2,4,1,1,14,4,1,1,0,2,1,1,0,3,0,0,7,3,0,8,6,9,4,4,2,2,4,1,6,9,0,6,6,0,0,1,2,4,4,2,1,3,3,1,5
2,0,6,2,0,15,1,6,2,0,10,8,7,4,4,1,1,3,2,2,0,4,0,5,8,2,0,17,0,3,2,1,6,1,4,3,1,0,2,0,5,4,4,3,1,28,1,1,4,4,17,2,4,1,1,13,4,1,1,0,2,1,1,0,3,0,0,7,3,0,9,5,9,2,2,3,1,4,1,6,8,0,5,5,0,0,2,2,4,5,2,1,4,4,1,5
2,0,6,2,0,15,1,5,2,0,11,6,4,4,4,1,0,5,2,3,0,4,0,3,8,2,0,17,0,3,3,1,3,1,3,3,1,0,2,0,5,4,4,3,1,25,0,1,4,4,16,2,4,1,1,12,5,1,1,0,2,1,1,0,3,0,0,6,3,0,8,6,8,2,2,2,1,5,1,6,8,0,5,5,0,2,3,2,3,3,1,0,5,4,1,6
2,0,5,2,0,15,1,5,2,0,11,7,4,4,4,1,0,4,2,3,0,4,0,3,9,2,0,16,0,3,2,0,3,1,3,3,1,0,2,0,5,4,5,4,1,22,0,1,4,4,16,2,5,2,2,12,4,2,1,0,2,1,1,1,3,0,0,7,3,0,5,3,7,0,2,2,1,5,1,4,8,0,4,5,0,2,1,2,3,4,2,0,7,4,1,4
2,0,5,2,0,17,1,5,2,0,10,6,4,5,3,1,0,3,2,2,0,4,0,3,9,2,0,17,0,4,2,0,3,1,3,3,1,0,2,0,5,4,5,4,1,17,0,1,4,5,18,2,5,2,2,15,5,2,1,3,2,1,1,0,3,0,0,7,3,0,6,7,6,1,3,1,1,6,1,5,8,0,5,5,0,4,4,2,3,5,2,0,10,12,1,10
2,0,5,2,0,15,1,5,2,0,10,6,4,5,3,1,0,3,2,2,0,4,0,3,9,2,0,15,0,3,5,0,3,1,4,4,1,0,2,0,5,4,5,5,1,22,0,1,4,4,18,2,5,2,2,13,3,1,1,0,2,1,1,0,3,0,0,7,4,0,6,5,6,2,3,1,1,6,1,3,8,0,5,5,0,4,1,2,3,5,2,0,9,3,1,4
2,0,5,2,0,16,1,5,2,0,11,6,4,5,3,1,0,3,2,1,0,4,0,3,11,2,0,15,0,4,5,1,3,1,4,4,1,0,2,0,5,4,6,5,1,25,0,1,4,4,21,2,5,1,1,13,4,0,1,1,2,1,1,0,3,0,0,6,2,0,6,7,5,1,3,1,1,6,1,3,8,0,6,6,0,7,2,2,3,7,4,0,11,5,1,6
2,1,5,1,0,17,0,5,2,0,14,7,5,5,4,1,2,3,2,1,0,4,0,3,15,2,0,19,0,3,4,0,3,1,6,4,1,0,2,0,6,4,7,4,1,27,0,1,4,4,21,2,5,1,1,12,4,1,0,1,2,1,1,0,2,0,0,6,2,0,9,6,9,3,2,1,1,6,1,4,8,0,7,6,0,8,2,2,3,7,4,0,13,6,3,6
2,2,5,1,0,17,0,5,2,0,16,6,5,5,4,1,3,3,2,1,0,4,0,3,15,1,0,19,0,2,4,1,0,0,6,3,1,0,2,0,6,4,7,4,1,22,0,1,4,4,22,2,4,1,1,12,3,0,0,1,2,1,1,0,2,0,0,6,2,0,7,7,8,2,2,0,1,6,1,3,8,0,7,5,0,8,2,2,3,4,4,0,13,5,2,5
2,0,5,1,0,16,0,5,2,0,16,7,4,5,4,1,3,2,2,0,0,4,0,4,13,1,0,17,0,2,4,0,0,0,5,3,1,0,2,0,7,4,8,5,1,21,1,1,4,4,22,2,4,1,1,14,3,0,0,1,2,1,1,0,2,0,0,7,2,0,7,7,8,1,2,1,1,5,1,4,8,0,7,3,0,8,3,2,3,5,4,0,13,5,2,5
2,0,5,1,0,16,1,5,2,0,16,6,4,4,3,1,2,2,2,0,0,4,0,4,12,1,0,16,0,2,2,0,0,0,4,3,1,0,2,0,6,4,7,5,1,22,1,1,4,4,22,2,4,1,0,12,3,0,0,1,2,1,1,0,2,0,0,7,2,0,7,8,9,1,3,1,1,5,1,4,8,0,7,3,0,8,3,2,3,4,4,0,12,6,2,6
2,0,5,1,0,16,0,5,2,0,15,4,4,4,3,1,2,2,2,0,0,4,0,4,12,1,0,14,0,2,1,1,0,0,4,3,1,0,2,0,6,4,7,5,1,19,1,1,4,4,23,2,4,1,0,13,6,0,0,1,2,1,1,1,2,0,0,8,1,0,8,8,9,3,3,1,0,3,1,4,10,0,5,4,0,9,3,2,2,5,4,0,11,4,2,8
2,0,5,1,0,16,0,5,2,0,14,4,4,4,3,1,2,2,2,0,0,4,0,4,12,1,1,14,0,2,0,1,0,0,4,3,1,0,2,0,6,5,7,5,1,17,1,1,4,4,23,2,4,1,0,13,6,1,0,1,2,1,1,1,2,0,0,8,1,0,9,7,10,1,3,1,0,3,1,4,9,0,5,3,0,10,4,2,2,7,5,0,13,4,2,6
2,0,5,1,0,16,0,5,2,0,15,2,4,5,4,1,2,1,2,4,0,4,0,3,12,1,1,14,0,1,1,1,0,0,4,3,1,0,2,0,7,4,7,5,1,15,1,1,4,3,23,2,4,1,0,12,4,0,0,1,2,1,1,1,2,0,0,8,1,0,8,7,9,1,3,1,0,3,1,4,9,0,4,3,0,12,3,2,2,7,5,0,16,4,2,6
2,0,5,1,0,17,0,5,2,0,14,2,5,5,4,1,2,1,2,2,0,4,0,2,13,1,1,15,0,1,1,1,0,0,4,3,1,0,2,0,6,5,7,5,1,14,1,1,4,3,23,2,4,1,0,12,3,0,0,1,2,1,1,1,2,0,0,7,1,0,8,8,11,1,2,1,0,3,1,4,9,0,4,3,0,13,3,2,2,8,6,1,17,5,2,8
2,0,5,1,0,14,0,5,2,0,15,2,4,5,4,1,2,1,2,2,0,4,0,3,13,1,0,15,0,1,1,1,0,0,4,3,1,0,2,0,6,5,8,5,1,17,1,1,4,3,25,2,4,1,0,12,3,0,0,1,2,1,1,1,2,0,0,7,1,0,10,7,10,1,2,1,0,3,1,4,9,0,2,3,0,14,3,2,2,8,5,1,17,4,1,7
2,0,5,1,0,14,0,5,2,0,14,2,4,5,4,1,0,1,2,2,0,4,0,4,11,1,0,14,0,1,2,1,0,0,4,3,1,0,2,0,6,5,8,4,1,13,0,1,4,3,24,2,4,1,0,12,3,0,0,1,2,1,1,1,2,0,0,7,1,0,8,5,6,1,3,1,0,3,1,4,9,0,1,3,0,14,3,2,2,8,7,1,18,4,1,7
2,0,5,1,0,14,0,5,2,0,12,2,3,5,4,1,0,1,2,2,0,4,0,3,11,1,1,15,0,1,3,2,0,0,4,3,1,0,2,0,6,5,7,4,1,16,0,1,4,3,26,2,4,1,0,13,3,0,0,1,2,2,1,1,2,0,0,7,1,0,8,5,6,1,3,0,0,3,2,4,10,0,1,3,0,15,4,2,2,9,7,1,18,4,1,7
2,0,5,1,0,14,0,5,1,0,13,3,4,5,4,1,0,2,2,2,0,4,0,3,11,1,1,13,0,2,3,1,0,0,4,3,1,0,2,0,6,5,7,5,1,14,0,1,4,3,27,2,3,1,0,14,3,0,0,2,2,2,1,1,2,0,0,8,0,0,8,4,6,2,3,0,0,3,2,4,9,0,1,3,0,17,2,2,2,12,5,1,18,5,2,6
2,0,5,1,0,15,0,5,1,0,14,3,4,5,4,1,0,2,2,3,0,4,0,3,12,1,2,14,0,2,3,1,0,0,4,3,0,0,2,0,5,5,8,4,1,13,0,1,4,3,28,2,3,1,0,12,3,0,0,1,2,2,1,1,2,0,0,5,0,0,8,4,6,2,3,0,0,3,2,4,10,0,2,3,0,14,2,2,2,5,6,1,18,4,1,6
2,1,5,1,0,16,0,5,1,0,17,2,4,5,4,1,0,2,2,2,0,4,0,4,13,1,2,14,0,1,3,1,0,0,3,3,0,0,2,0,7,5,7,4,1,16,0,1,4,3,29,3,3,1,0,13,3,0,0,1,1,1,1,1,2,1,0,6,0,0,11,6,7,4,3,0,0,3,1,4,9,0,2,2,0,14,3,2,2,5,6,1,18,4,2,7
2,1,5,1,0,17,1,5,1,0,17,2,3,5,4,1,0,2,2,1,0,4,0,5,12,1,2,12,0,1,3,1,0,0,4,3,0,0,2,0,7,5,9,4,1,16,0,1,3,3,29,3,3,1,0,12,3,0,0,1,1,1,1,1,2,1,0,6,0,0,11,6,8,4,3,0,0,3,2,4,10,0,2,2,0,14,2,2,2,6,5,1,18,4,2,5
2,2,5,1,0,18,2,5,1,0,18,2,3,5,4,1,1,4,2,1,0,4,0,5,14,1,2,15,0,1,3,1,0,0,3,3,0,0,2,0,8,4,10,4,1,17,0,1,3,2,31,3,3,1,0,12,3,0,0,1,1,1,1,1,2,1,0,6,0,0,11,6,11,4,3,0,0,2,1,4,9,0,2,2,0,15,2,2,2,6,5,0,19,5,2,6
2,3,5,1,0,19,2,4,2,0,19,2,3,5,4,1,1,4,2,1,0,5,0,5,13,1,2,13,0,1,3,1,0,0,3,3,0,0,2,0,7,4,10,4,1,15,0,1,3,2,31,2,3,1,0,11,2,0,0,1,1,1,1,0,2,1,0,6,0,0,13,7,13,5,3,0,0,2,1,4,9,0,2,2,0,13,2,2,2,6,5,0,17,4,1,5
2,3,5,1,0,19,1,4,1,0,20,1,4,6,4,2,1,4,2,1,0,4,0,4,13,1,2,15,0,1,3,1,0,0,3,3,0,0,2,0,7,4,10,5,1,16,0,1,4,3,32,2,3,1,0,12,2,0,0,1,1,1,1,0,2,1,0,6,0,0,13,9,14,5,3,0,0,2,1,4,8,0,2,2,0,12,2,2,2,6,5,0,17,4,2,4
1,1,6,2,0,20,1,4,1,0,21,1,4,6,4,2,1,4,2,1,0,4,0,4,12,1,1,19,0,1,3,1,0,0,3,3,0,0,2,0,7,4,11,5,1,16,0,1,4,3,33,2,3,1,0,11,2,0,0,1,1,1,1,0,2,1,0,6,0,0,11,8,15,4,3,0,0,1,1,4,7,0,2,2,0,12,2,2,2,4,5,0,17,4,1,3
1,1,6,2,0,20,1,4,0,0,22,1,5,6,4,2,1,3,2,1,0,4,0,5,13,1,1,17,0,1,3,1,0,0,4,3,0,0,2,0,7,4,11,5,1,17,0,1,4,3,35,2,3,1,0,11,2,0,0,1,1,1,1,0,2,1,0,6,0,0,11,9,14,3,3,0,0,1,1,4,7,0,2,2,0,12,2,2,1,3,5,0,17,4,1,2
1,1,6,2,0,20,1,4,0,0,22,1,5,5,4,1,1,2,2,1,0,4,0,5,13,1,1,17,0,1,3,1,0,1,4,3,0,0,2,0,7,4,11,3,1,16,0,1,4,2,34,2,3,1,0,11,2,0,0,1,1,1,1,0,2,1,0,6,0,0,11,9,14,4,3,0,0,1,1,4,7,0,2,2,0,12,2,2,1,3,5,0,17,4,1,2
1,1,5,2,1,19,1,4,0,0,21,2,6,5,4,1,1,2,2,1,0,4,0,5,14,1,1,18,0,1,3,1,0,1,5,3,0,0,2,0,7,4,11,3,1,17,0,1,3,2,34,2,3,1,0,11,2,0,0,1,1,1,1,0,2,1,0,6,0,0,12,11,15,5,3,0,0,1,1,4,7,0,2,2,0,12,2,2,1,3,5,0,17,4,1,2
1,1,5,2,1,18,0,4,0,0,21,1,6,5,3,1,1,1,2,2,0,4,0,5,14,1,1,17,0,1,3,1,0,1,5,3,0,0,2,0,7,4,11,3,1,17,0,1,3,2,32,2,3,0,0,11,2,0,0,1,1,1,1,0,2,0,0,4,0,0,11,10,14,5,3,0,0,1,1,4,7,0,2,2,0,11,2,2,1,3,5,0,17,4,1,2
1,1,5,2,1,17,0,4,0,0,18,1,5,5,3,1,1,1,2,1,0,4,0,5,13,1,1,14,0,1,3,1,0,1,5,3,0,0,2,0,7,4,10,3,1,17,0,1,3,2,29,2,3,0,0,10,2,0,0,1,1,1,1,0,2,0,0,4,0,0,11,10,13,5,3,0,0,1,1,4,6,0,1,2,0,9,2,2,0,3,4,0,17,4,1,2
1,1,5,2,1,17,0,4,0,0,17,1,5,5,3,1,1,1,2,1,0,4,0,5,13,1,1,14,0,1,3,1,0,1,5,3,0,0,2,0,7,4,10,4,1,14,0,1,3,2,29,3,3,0,0,11,3,0,0,1,1,1,1,0,2,0,0,4,0,0,11,8,12,5,3,0,0,1,1,4,7,0,1,2,0,9,1,2,0,2,4,0,17,4,1,2
1,1,4,2,1,17,0,4,0,0,17,1,5,5,3,1,1,1,2,1,0,4,0,5,14,1,2,14,0,1,2,1,0,1,5,3,0,0,2,0,6,4,9,3,1,14,0,1,3,2,27,3,3,0,0,11,2,0,0,1,1,1,1,0,2,0,0,4,0,0,11,9,12,5,3,0,0,1,1,4,7,0,1,2,0,9,1,2,0,2,4,0,17,4,1,2
1,1,3,1,1,18,1,4,0,0,18,1,6,5,3,1,1,1,2,1,0,4,0,5,13,1,1,14,0,1,2,1,0,0,5,3,0,0,2,0,7,4,9,3,1,14,0,1,3,1,28,2,3,0,0,11,2,0,0,1,1,0,1,0,1,0,0,4,0,0,12,8,14,5,3,0,0,1,1,3,7,0,1,2,0,10,2,2,0,3,4,0,17,4,0,2
1,1,3,1,1,17,0,4,0,0,18,1,5,5,3,1,1,1,2,1,0,4,0,6,12,1,1,12,0,1,3,1,0,0,5,3,0,0,2,0,6,4,8,3,1,12,0,1,3,1,24,2,3,0,0,11,2,0,0,1,1,0,1,0,1,0,0,4,0,0,11,8,13,4,3,0,0,1,1,3,6,0,1,2,0,10,2,2,0,3,4,0,17,3,0,2
1,2,4,1,1,18,0,4,0,0,17,1,6,5,3,1,1,1,2,1,0,4,0,6,13,1,1,11,0,1,3,1,0,0,5,3,0,0,2,0,6,4,9,3,1,13,0,1,3,1,26,2,3,0,0,10,2,0,0,1,1,0,1,0,1,0,0,4,0,0,11,9,13,4,3,0,0,1,1,3,6,0,1,2,0,9,1,2,0,4,4,0,17,3,0,2
1,2,4,1,1,18,1,4,0,0,16,1,6,5,3,1,1,1,2,1,0,4,0,6,14,1,1,12,0,2,1,1,0,0,5,3,0,0,2,0,6,4,10,3,1,16,0,1,3,1,25,2,3,0,0,11,2,0,0,1,2,0,1,0,1,0,0,4,0,0,12,10,15,4,3,0,0,1,1,3,6,0,1,2,0,10,1,2,0,3,3,0,17,4,0,2
1,2,4,1,1,17,1,5,0,0,14,1,6,5,3,1,0,1,2,1,0,4,0,6,14,1,0,9,0,1,1,1,0,0,4,3,0,0,2,0,6,4,8,2,1,16,0,1,3,1,22,2,3,0,0,11,2,0,0,1,1,0,1,0,1,0,0,4,0,0,12,10,15,4,3,0,0,2,1,3,5,0,1,2,0,12,2,3,0,3,3,0,17,4,0,2
1,2,4,1,1,16,1,5,0,0,14,1,6,5,3,1,0,1,2,1,0,4,0,6,12,1,1,11,0,1,0,1,0,0,4,3,0,0,2,0,5,4,6,2,1,14,0,1,3,1,22,2,3,0,0,11,2,0,0,1,1,0,1,0,1,0,0,4,0,0,11,8,13,4,3,0,0,2,1,3,5,0,1,2,0,11,1,2,0,4,3,0,17,4,0,2
1,2,4,1,1,18,1,5,0,0,14,1,6,5,3,1,0,1,2,1,0,4,0,6,12,1,1,11,0,1,0,1,0,0,4,3,0,0,2,0,4,4,7,2,1,15,0,1,3,1,22,2,3,0,0,12,3,0,0,1,1,0,1,0,1,0,0,4,0,0,13,9,15,4,3,0,0,2,1,3,5,0,1,2,0,11,2,2,0,3,3,0,17,4,0,2
1,2,5,1,1,18,1,5,0,0,14,1,6,4,3,1,0,1,2,1,0,4,0,6,12,1,1,12,0,1,0,1,0,0,4,3,0,0,2,0,4,4,8,2,1,15,0,1,3,1,23,2,3,0,0,12,3,0,0,1,1,0,1,0,1,0,0,4,0,0,13,9,17,4,3,0,0,2,1,3,5,0,1,2,0,11,2,2,0,3,3,0,17,4,0,2
1,2,5,1,1,18,1,5,0,0,14,1,7,4,3,1,1,1,2,1,0,4,0,6,12,1,2,13,0,2,0,1,0,0,6,3,0,0,2,0,4,4,8,2,1,16,0,1,3,1,24,2,3,0,0,12,3,0,0,1,1,0,1,0,1,0,0,4,0,0,13,10,15,3,3,0,0,2,1,3,5,0,1,2,0,10,2,2,0,3,3,0,17,4,0,2
1,2,5,1,1,18,1,5,0,0,13,1,7,4,3,1,1,1,2,1,0,4,0,6,12,1,2,11,0,1,0,1,0,0,6,3,0,0,2,0,4,4,8,2,1,15,0,1,3,1,21,2,3,0,0,12,3,0,0,1,2,0,1,0,1,0,0,4,0,0,13,9,15,3,3,0,0,2,1,3,5,0,1,2,0,10,2,2,0,2,2,0,17,4,0,2
1,2,4,1,1,18,1,5,0,0,12,1,6,4,3,1,0,1,2,1,0,4,0,6,12,1,2,10,0,1,1,1,0,0,6,3,0,0,2,0,4,4,8,2,1,16,0,1,3,1,21,2,3,0,0,12,3,0,0,1,1,0,1,0,1,0,0,4,0,0,14,8,15,3,3,0,0,2,1,3,6,0,1,2,0,9,2,2,0,2,2,0,17,4,0,2
1,2,4,1,1,17,1,5,0,0,12,1,6,4,3,1,0,1,2,1,0,4,0,6,11,1,2,10,0,1,1,1,0,0,5,3,0,0,2,0,4,4,7,2,1,15,0,1,3,1,21,2,3,0,1,12,3,0,0,1,1,0,2,1,1,0,0,5,0,0,13,8,15,3,3,0,0,2,1,3,6,0,1,2,0,9,3,2,0,1,2,0,16,4,0,2
1,2,5,1,1,17,1,4,0,0,13,1,6,4,3,1,0,1,2,1,0,4,0,6,11,1,2,10,0,1,0,1,0,0,5,3,0,0,2,0,4,4,6,2,1,14,0,1,3,1,21,2,3,0,1,12,3,0,0,1,1,0,2,1,1,0,0,5,0,0,12,7,14,3,3,0,0,2,1,3,6,0,1,2,0,8,3,2,0,1,2,0,16,4,0,2
1,2,5,1,1,16,1,4,0,0,12,1,5,4,3,1,0,1,2,2,0,4,0,6,11,1,2,10,0,1,0,1,0,0,5,3,0,0,2,0,4,5,6,2,1,16,0,1,3,1,19,2,3,0,1,13,3,0,0,1,1,0,2,1,1,0,0,5,0,0,12,8,14,3,3,0,0,2,2,3,6,0,1,2,0,7,3,2,0,1,2,0,17,4,0,3
1,0,4,1,0,17,1,4,0,0,12,1,3,4,4,1,0,1,2,1,0,4,0,5,12,1,1,10,0,1,0,1,0,0,3,3,0,0,2,0,4,5,5,2,1,17,1,1,3,1,19,2,3,0,1,13,3,0,0,1,1,0,2,1,1,0,0,5,0,0,11,7,15,3,2,0,0,2,2,3,6,0,1,2,0,7,4,2,0,1,3,0,17,4,0,4
1,1,4,1,0,16,1,4,0,0,11,1,3,4,4,1,0,1,2,1,0,4,0,5,13,1,1,9,0,1,0,1,0,0,3,3,0,0,2,0,4,5,5,2,1,15,1,1,3,1,20,2,3,0,1,13,3,0,0,1,1,0,2,1,1,0,0,5,0,0,10,6,14,2,2,0,0,2,1,3,6,0,1,2,0,7,5,2,0,1,2,0,17,4,0,5
1,1,4,1,0,16,1,4,0,0,9,1,5,4,4,1,1,1,2,1,0,4,0,4,13,1,1,11,0,1,1,1,0,0,2,3,0,0,2,0,4,5,5,2,1,16,1,1,3,1,20,2,3,0,1,14,3,1,0,1,1,0,2,1,1,0,0,5,0,0,10,6,15,2,2,0,0,2,1,3,6,0,1,2,0,4,4,2,0,0,1,0,16,4,1,5
1,1,4,1,0,19,1,4,0,0,9,1,3,4,4,1,1,1,2,1,0,4,0,4,13,1,0,8,0,1,0,1,0,0,3,3,0,0,2,0,5,5,5,2,1,20,1,0,4,1,18,2,3,0,1,13,2,2,0,2,1,0,2,1,1,0,0,5,0,0,12,7,17,2,2,0,0,2,2,3,7,0,1,2,0,3,3,2,0,0,1,1,9,4,0,5
1,2,4,1,0,19,1,4,0,0,9,1,4,4,4,1,1,1,2,0,0,4,0,5,10,1,0,8,0,1,0,1,0,0,3,3,0,0,2,0,4,5,4,2,1,20,1,0,4,1,17,2,3,0,1,13,2,2,0,2,1,0,2,1,1,0,0,5,0,0,10,6,15,3,3,0,0,2,2,3,6,0,1,2,0,1,3,2,0,0,1,1,9,3,0,3
1,2,4,1,0,19,1,4,0,0,9,1,4,4,4,1,1,1,2,0,0,4,0,5,10,1,0,5,0,1,0,1,0,0,2,3,0,0,2,0,3,5,4,1,1,19,1,0,4,1,17,2,3,0,1,10,2,1,0,0,1,0,2,1,1,0,0,5,0,0,10,5,14,2,3,0,0,2,1,3,6,0,1,2,0,1,1,2,0,0,1,1,6,2,0,3
1,2,3,1,0,18,1,4,0,0,9,1,4,4,4,1,0,1,2,1,0,4,0,5,11,1,0,6,0,1,0,1,0,0,1,3,0,0,2,0,3,4,4,2,1,19,1,0,3,1,17,2,3,0,1,10,2,1,0,0,1,0,2,1,1,0,0,5,0,0,10,5,13,2,3,0,0,2,1,3,6,0,1,2,0,1,1,2,0,0,1,1,6,2,0,1
1,2,3,1,0,18,1,4,0,0,10,1,4,4,4,1,0,1,2,1,0,4,0,5,11,1,0,5,0,1,0,1,0,0,1,3,0,0,2,0,3,4,4,2,1,17,0,0,3,1,17,2,3,0,1,10,2,1,0,0,1,0,2,1,1,0,0,5,0,0,10,5,13,2,3,0,0,2,1,3,6,0,1,2,0,1,1,2,0,0,1,1,6,2,0,0
1,2,3,1,0,18,1,4,0,0,10,1,4,4,3,1,0,1,2,1,0,4,0,5,11,1,0,5,0,1,0,1,0,0,1,3,0,0,2,0,3,4,4,2,1,15,0,0,3,1,19,2,3,0,1,9,2,1,0,0,1,0,2,1,1,0,0,5,0,0,10,5,12,2,3,0,0,2,1,3,6,0,1,2,0,1,1,2,0,0,2,1,5,2,1,0
1,2,3,1,0,18,1,4,0,0,10,1,4,4,3,1,0,1,2,1,0,4,0,3,11,1,0,5,0,1,0,1,0,0,1,3,0,0,2,0,3,4,4,2,1,15,0,0,3,1,18,2,3,0,1,9,2,1,0,0,1,0,2,1,1,0,0,5,0,0,10,5,12,2,3,0,0,2,1,3,6,0,1,2,0,1,1,2,0,0,2,1,5,2,0,0
1,1,3,1,0,16,1,4,0,0,10,1,4,4,3,1,0,1,2,1,0,4,0,2,9,1,0,4,0,1,0,1,0,0,0,3,0,0,2,0,3,4,4,2,1,13,0,0,3,1,16,2,3,0,1,9,2,0,0,0,1,0,2,2,1,0,0,5,0,0,9,3,11,1,3,0,0,2,1,3,5,0,1,2,0,1,1,2,0,0,2,1,5,2,0,0
1,0,3,1,0,14,2,4,0,0,10,1,5,4,3,1,0,1,2,1,0,4,0,1,7,1,0,3,0,1,0,1,0,0,0,3,0,0,2,0,3,4,4,2,1,12,0,0,3,1,15,2,3,0,1,10,2,0,0,0,1,0,2,1,1,0,0,5,0,0,9,2,10,1,3,0,0,2,1,3,5,0,1,2,0,2,1,2,0,0,2,1,5,3,0,0
1,0,3,1,0,15,1,4,0,0,10,1,6,4,3,1,0,1,2,1,0,4,0,1,7,1,0,4,0,1,0,1,0,0,1,3,0,0,2,0,3,4,4,2,1,12,0,0,3,1,16,2,3,0,1,9,2,0,0,0,1,0,2,1,1,0,0,5,0,0,9,2,9,1,3,0,0,2,1,3,5,0,1,2,0,1,1,2,0,0,2,1,5,2,0,0
1,0,3,1,0,14,1,4,0,0,9,1,6,4,3,1,0,1,2,0,0,4,0,1,7,1,0,3,0,1,0,1,0,0,1,3,0,0,2,0,3,4,4,2,1,12,0,0,3,1,15,2,3,0,1,9,2,0,0,0,1,0,2,1,1,0,0,5,0,0,8,2,9,1,3,0,0,2,1,3,5,0,1,2,0,1,1,2,0,0,1,1,5,2,0,0
1,0,3,1,0,14,1,4,0,0,9,1,6,4,3,1,0,1,2,0,0,4,0,1,7,1,0,3,0,1,0,1,0,0,0,3,0,0,2,0,3,4,4,2,1,11,0,0,3,1,15,2,3,0,1,9,2,0,0,0,1,0,2,1,1,0,0,5,0,0,8,2,8,1,3,0,0,2,1,3,5,0,1,2,0,0,1,2,0,0,1,1,5,2,0,0
1,0,3,1,0,14,1,4,0,0,9,1,6,4,3,1,0,1,2,1,0,4,0,1,7,1,0,3,0,1,0,1,0,0,0,3,0,0,2,0,3,4,4,2,1,11,0,0,3,1,15,2,3,0,1,9,2,0,0,0,1,0,2,1,1,0,0,5,0,0,8,2,8,1,3,0,0,2,1,3,5,0,1,2,0,0,1,2,0,0,1,1,5,2,0,0
1,0,3,1,0,15,1,4,0,0,9,1,6,4,3,1,0,1,2,0,0,4,0,1,7,1,0,3,0,1,0,1,0,0,0,3,0,0,2,0,3,4,4,2,1,13,0,0,3,1,15,2,3,0,1,9,2,0,0,0,1,1,2,1,3,0,0,5,0,0,10,2,9,1,3,0,0,2,3,3,5,0,1,2,0,0,2,2,0,0,1,1,5,3,1,1
1,0,3,1,0,15,1,4,0,0,9,1,6,4,3,1,0,1,2,0,0,4,0,0,7,1,0,3,0,1,0,1,0,0,0,3,0,0,2,0,3,4,4,2,1,13,0,0,3,1,14,2,3,0,0,9,2,0,0,0,1,0,2,1,1,0,0,5,0,0,10,2,8,1,3,0,0,2,1,3,4,0,1,2,0,0,0,2,0,0,1,1,4,2,0,0
1,0,3,1,0,15,1,4,0,0,8,1,5,4,4,1,0,1,2,0,0,4,0,0,6,1,0,3,0,1,0,1,0,0,0,3,0,0,2,0,3,4,4,2,1,12,0,0,3,1,13,2,3,0,0,8,2,0,0,0,1,0,1,0,1,0,0,4,0,0,7,2,6,0,2,0,0,2,1,3,4,0,1,2,0,1,0,2,0,0,1,1,2,2,0,0
1,0,3,1,0,15,0,4,0,0,8,1,5,4,4,1,0,1,2,0,0,4,0,0,6,1,0,3,0,1,0,1,0,0,0,3,0,0,2,0,3,4,5,1,1,12,0,0,3,1,12,2,3,0,0,8,2,0,0,0,1,0,1,0,1,0,0,4,0,0,7,3,7,0,2,0,0,2,1,3,4,0,1,2,0,2,0,2,0,0,1,1,2,1,0,0
1,0,3,1,0,15,0,4,0,0,5,1,5,4,4,1,0,1,2,0,0,4,0,0,6,1,0,3,0,1,0,1,0,0,0,3,0,0,2,0,3,4,3,1,1,11,0,0,3,1,11,2,3,0,0,8,2,0,0,0,1,0,1,0,1,0,0,4,0,0,7,3,7,0,2,0,0,2,1,3,4,0,1,2,0,2,0,2,0,0,1,1,2,1,0,0
1,0,4,1,0,16,0,5,0,0,5,1,5,4,4,1,0,1,2,0,0,4,0,0,6,1,0,3,0,1,0,1,0,0,0,3,0,0,2,0,3,4,3,1,1,11,0,0,3,1,11,2,3,0,0,8,2,0,0,0,1,0,1,0,1,0,0,4,0,0,5,1,6,0,2,0,0,2,1,3,4,0,1,2,0,1,0,2,0,0,3,1,2,1,0,0
1,0,4,1,0,16,0,5,0,0,6,1,5,4,3,1,0,1,2,0,0,4,0,0,7,1,0,4,0,1,0,1,0,0,0,3,0,0,2,0,5,4,4,1,1,11,0,0,3,1,11,2,3,0,0,8,2,1,0,0,1,0,1,0,1,0,0,4,0,0,5,1,6,0,3,0,0,2,1,3,4,0,1,2,0,1,0,2,0,0,3,1,2,2,0,1
1,0,4,1,0,15,0,5,0,0,6,1,5,4,3,1,0,1,2,0,0,4,0,0,7,1,0,4,0,1,0,1,0,0,0,3,0,0,2,0,4,4,4,1,1,11,0,0,3,1,11,2,3,0,0,8,2,0,0,0,1,0,1,0,1,0,0,4,0,0,5,1,7,0,3,0,0,2,1,3,4,0,1,2,0,1,0,2,0,0,3,1,2,1,0,0
1,0,4,1,0,15,0,5,0,0,6,1,5,4,3,1,0,1,2,0,0,4,0,0,7,1,0,4,0,1,0,1,0,0,0,3,0,0,2,0,4,4,4,1,1,11,0,0,3,1,11,2,3,0,0,8,2,0,0,0,1,0,1,0,1,0,0,5,0,0,5,1,7,0,3,0,0,2,1,3,4,0,1,2,0,1,0,2,0,0,3,1,2,1,0,0
1,0,4,1,0,14,0,5,0,0,6,1,5,4,3,1,0,1,2,0,0,4,0,0,7,1,0,4,0,1,0,1,0,0,0,3,0,0,2,0,4,4,4,1,1,8,0,0,3,1,11,2,3,0,0,8,2,0,0,0,1,0,1,0,1,0,0,5,0,0,5,1,7,0,3,0,0,2,1,3,5,0,1,2,0,1,0,2,0,0,3,1,2,1,0,0
1,0,4,1,0,14,0,5,0,0,5,1,5,4,4,1,0,1,2,0,0,4,0,0,7,1,0,4,0,1,0,1,0,0,0,3,0,0,2,0,4,5,4,1,1,8,0,0,3,1,10,2,3,0,0,8,2,0,0,0,2,0,1,0,1,0,0,5,0,0,5,1,7,0,3,0,0,2,1,3,5,0,2,2,0,1,0,2,0,1,3,1,2,1,0,0
1,0,4,1,0,14,0,5,0,0,5,1,5,4,4,1,0,1,2,0,0,4,0,0,7,1,0,3,0,1,0,1,0,0,0,3,0,0,2,0,4,5,3,1,1,8,0,0,3,1,9,2,3,0,0,8,2,0,0,0,1,0,1,0,1,0,0,5,0,0,5,1,6,0,3,0,0,2,1,3,4,0,1,2,0,1,0,2,0,1,2,1,2,1,0,0
1,0,4,1,0,13,0,5,0,0,5,1,5,4,4,1,0,1,1,0,0,4,0,0,6,1,0,3,0,1,0,1,0,0,0,3,0,0,2,0,3,5,3,1,1,6,0,0,3,1,9,2,3,0,0,8,2,0,0,0,1,0,1,0,1,0,0,5,0,0,5,1,7,0,3,0,0,2,1,3,4,0,1,2,0,1,0,2,0,1,2,1,2,1,0,0
1,0,4,1,0,14,0,5,0,0,5,1,5,4,4,1,0,1,1,0,0,4,0,0,6,1,0,3,0,1,0,1,0,0,0,3,0,0,2,0,3,5,3,1,1,7,0,0,3,1,8,2,3,0,0,8,2,0,0,0,1,0,1,0,1,0,0,5,0,0,5,2,7,0,3,0,0,2,1,3,4,0,1,2,0,1,0,2,0,1,2,1,2,1,0,0
1,0,4,1,0,13,0,4,0,0,5,1,4,4,4,1,0,1,1,0,0,4,0,0,6,1,0,2,0,1,0,1,0,0,0,3,0,0,2,0,3,5,3,1,1,7,0,0,3,1,8,2,3,0,0,8,2,0,0,0,1,0,1,0,1,0,0,5,0,0,5,1,6,0,3,0,0,2,1,3,4,0,1,2,0,1,0,2,0,1,2,1,2,1,0,0
1,0,4,1,0,13,0,4,0,0,2,1,4,4,4,1,0,1,1,0,0,4,0,0,6,1,0,3,0,1,0,1,0,0,0,3,0,0,2,0,3,5,1,1,1,7,0,0,3,1,6,2,3,0,0,8,2,0,0,0,1,0,1,0,1,0,0,5,0,0,5,1,6,0,3,0,0,2,1,3,4,0,1,2,0,1,0,2,0,1,2,1,2,1,0,0
1,0,4,1,0,11,0,4,0,0,2,1,4,4,3,1,0,1,1,1,0,4,0,0,5,1,0,4,0,1,0,1,0,0,0,3,0,0,2,0,3,5,1,1,1,7,0,0,3,1,6,2,3,0,0,8,2,0,0,0,2,0,1,0,1,0,0,5,0,0,3,1,7,0,3,0,0,2,1,3,4,0,1,2,0,1,0,2,0,1,2,1,2,1,0,0
1,0,4,1,0,11,0,4,0,0,2,1,4,4,3,1,0,1,1,0,0,4,0,0,4,1,0,3,0,1,0,1,0,0,0,3,0,0,2,0,3,4,1,1,1,7,0,0,3,1,6,2,3,0,0,8,2,0,0,0,1,0,1,0,1,0,0,5,0,0,3,1,6,0,3,0,0,2,1,3,4,0,1,2,0,1,0,2,0,0,2,1,2,1,0,0
1,0,4,1,0,11,0,4,0,0,2,1,4,4,3,1,0,1,2,0,0,4,0,0,4,1,0,2,0,1,0,1,0,0,0,3,0,0,2,0,2,4,1,1,1,7,0,0,3,1,5,2,3,0,0,8,2,0,0,0,1,0,1,0,1,0,0,5,0,0,3,1,6,0,3,0,0,2,1,3,4,0,1,2,0,1,0,2,0,0,2,1,2,1,0,0
1,0,4,1,0,11,0,4,0,0,2,1,4,4,3,1,0,1,1,0,0,4,0,0,4,1,0,2,0,1,0,1,0,0,0,3,0,0,2,0,2,4,1,1,1,6,0,0,3,1,5,2,3,0,0,8,2,0,0,0,1,0,1,0,1,0,0,5,0,0,2,1,5,0,3,0,0,2,1,3,4,0,1,2,0,1,0,2,0,0,2,1,2,1,0,0
1,0,4,1,0,11,0,4,0,0,2,1,4,4,3,1,0,1,1,0,0,4,0,0,4,1,0,2,0,1,0,1,0,0,0,3,0,0,2,0,2,4,1,1,1,8,0,0,3,1,5,2,3,0,0,10,2,0,0,0,1,0,1,0,1,0,0,4,0,0,4,3,6,0,3,0,0,2,1,3,4,0,1,2,0,1,0,2,0,2,2,1,4,1,0,0
1,0,4,1,0,11,0,4,0,0,2,1,4,4,3,1,0,1,1,0,0,4,0,0,4,1,0,2,0,1,0,1,0,0,0,3,0,0,2,0,2,4,1,1,1,8,0,0,3,1,5,2,3,0,0,8,2,0,0,0,1,0,1,0,1,0,0,4,0,0,4,2,6,0,3,0,0,2,1,3,4,0,1,2,0,0,0,2,0,0,1,1,1,1,0,0
1,0,4,1,0,11,0,4,0,0,2,1,4,4,3,1,0,1,1,0,0,4,0,0,4,1,0,2,0,1,0,1,0,0,0,3,0,0,2,0,2,4,1,1,1,8,0,0,3,1,5,2,3,0,0,8,2,0,0,0,2,0,1,0,1,0,0,4,0,0,2,1,5,0,3,0,0,2,1,3,4,0,1,2,0,0,0,2,0,0,1,1,1,1,0,0
1,0,3,1,0,11,0,4,0,0,2,1,4,4,3,1,0,1,1,0,0,4,0,0,4,1,0,2,0,1,0,1,0,0,0,3,0,0,2,0,2,4,1,1,1,6,0,0,3,1,5,2,3,0,0,8,2,0,0,0,1,0,1,0,1,0,0,4,0,0,2,1,5,0,3,0,0,1,1,3,4,0,1,2,0,0,0,2,0,0,1,1,1,1,0,0
1,0,3,1,0,11,0,4,0,0,2,1,4,4,3,1,0,1,1,0,0,4,0,0,4,1,0,2,0,1,0,1,0,0,0,3,0,0,2,0,2,4,1,1,1,5,0,0,3,1,5,2,3,0,0,8,2,0,0,0,1,0,1,0,1,0,0,5,0,0,2,1,4,0,3,0,0,1,1,3,4,0,1,2,0,1,0,2,0,1,2,1,2,1,0,0
1,0,3,1,0,11,0,4,0,0,2,1,4,4,5,1,0,1,1,0,0,4,0,0,4,1,0,2,0,1,0,1,0,0,0,3,0,0,2,0,2,4,1,1,1,5,0,0,3,1,4,2,3,0,0,8,2,0,0,0,1,0,1,0,1,0,0,5,0,0,2,1,4,0,2,0,0,1,1,3,4,0,1,2,0,1,0,2,0,1,2,1,2,1,0,0
1,0,3,1,0,11,0,4,0,0,2,1,3,4,5,1,0,1,1,0,0,4,0,0,4,1,0,2,0,1,0,1,0,0,0,3,0,0,2,0,2,4,1,1,1,4,0,0,3,1,4,2,3,0,0,8,2,0,0,0,1,0,1,0,1,0,0,5,0,0,2,1,3,0,2,0,0,1,1,3,4,0,1,2,0,1,0,2,0,1,1,1,2,1,0,0
1,0,3,1,0,11,0,4,0,0,2,1,3,4,5,1,0,1,1,0,0,4,0,0,4,1,0,2,0,1,0,1,0,0,0,3,0,0,2,0,2,4,1,1,1,4,0,0,3,1,4,2,3,0,0,8,2,0,0,0,1,0,1,0,1,0,0,5,0,0,2,1,3,0,2,0,0,1,1,3,4,0,1,2,0,1,0,2,0,1,1,1,2,1,0,0
